source_uri	destination_relative
s3://cellpainting-gallery/cpg0037-oasis/axiom/images/prod_25/images/plate_41002687/r05c14f06p01-ch6sk1fk1fl1.tiff	jpegxl-d1-e5/prod_25/images/plate_41002687/r05c14f06p01-ch6sk1fk1fl1.jxl
s3://cellpainting-gallery/cpg0037-oasis/axiom/images/prod_25/images/plate_41002687/r05c17f06p01-ch5sk1fk1fl1.tiff	jpegxl-d1-e5/prod_25/images/plate_41002687/r05c17f06p01-ch5sk1fk1fl1.jxl
s3://cellpainting-gallery/cpg0037-oasis/axiom/images/prod_25/images/plate_41002687/r06c15f09p01-ch3sk1fk1fl1.tiff	jpegxl-d1-e5/prod_25/images/plate_41002687/r06c15f09p01-ch3sk1fk1fl1.jxl
s3://cellpainting-gallery/cpg0037-oasis/axiom/images/prod_25/images/plate_41002687/r07c24f08p01-ch6sk1fk1fl1.tiff	jpegxl-d1-e5/prod_25/images/plate_41002687/r07c24f08p01-ch6sk1fk1fl1.jxl
s3://cellpainting-gallery/cpg0037-oasis/axiom/images/prod_25/images/plate_41002687/r11c14f06p01-ch3sk1fk1fl1.tiff	jpegxl-d1-e5/prod_25/images/plate_41002687/r11c14f06p01-ch3sk1fk1fl1.jxl
s3://cellpainting-gallery/cpg0037-oasis/axiom/images/prod_25/images/plate_41002687/r13c14f05p01-ch6sk1fk1fl1.tiff	jpegxl-d1-e5/prod_25/images/plate_41002687/r13c14f05p01-ch6sk1fk1fl1.jxl
s3://cellpainting-gallery/cpg0037-oasis/axiom/images/prod_25/images/plate_41002687/r14c12f06p01-ch3sk1fk1fl1.tiff	jpegxl-d1-e5/prod_25/images/plate_41002687/r14c12f06p01-ch3sk1fk1fl1.jxl
s3://cellpainting-gallery/cpg0037-oasis/axiom/images/prod_25/images/plate_41002688/r01c05f12p01-ch3sk1fk1fl1.tiff	jpegxl-d1-e5/prod_25/images/plate_41002688/r01c05f12p01-ch3sk1fk1fl1.jxl
s3://cellpainting-gallery/cpg0037-oasis/axiom/images/prod_25/images/plate_41002688/r01c08f13p01-ch4sk1fk1fl1.tiff	jpegxl-d1-e5/prod_25/images/plate_41002688/r01c08f13p01-ch4sk1fk1fl1.jxl
s3://cellpainting-gallery/cpg0037-oasis/axiom/images/prod_25/images/plate_41002688/r01c10f04p01-ch2sk1fk1fl1.tiff	jpegxl-d1-e5/prod_25/images/plate_41002688/r01c10f04p01-ch2sk1fk1fl1.jxl
s3://cellpainting-gallery/cpg0037-oasis/axiom/images/prod_25/images/plate_41002688/r02c12f09p01-ch4sk1fk1fl1.tiff	jpegxl-d1-e5/prod_25/images/plate_41002688/r02c12f09p01-ch4sk1fk1fl1.jxl
s3://cellpainting-gallery/cpg0037-oasis/axiom/images/prod_25/images/plate_41002688/r03c02f02p01-ch2sk1fk1fl1.tiff	jpegxl-d1-e5/prod_25/images/plate_41002688/r03c02f02p01-ch2sk1fk1fl1.jxl
s3://cellpainting-gallery/cpg0037-oasis/axiom/images/prod_25/images/plate_41002688/r03c14f12p01-ch2sk1fk1fl1.tiff	jpegxl-d1-e5/prod_25/images/plate_41002688/r03c14f12p01-ch2sk1fk1fl1.jxl
s3://cellpainting-gallery/cpg0037-oasis/axiom/images/prod_25/images/plate_41002688/r03c15f02p01-ch5sk1fk1fl1.tiff	jpegxl-d1-e5/prod_25/images/plate_41002688/r03c15f02p01-ch5sk1fk1fl1.jxl
s3://cellpainting-gallery/cpg0037-oasis/axiom/images/prod_25/images/plate_41002688/r04c01f11p01-ch6sk1fk1fl1.tiff	jpegxl-d1-e5/prod_25/images/plate_41002688/r04c01f11p01-ch6sk1fk1fl1.jxl
s3://cellpainting-gallery/cpg0037-oasis/axiom/images/prod_25/images/plate_41002688/r04c16f05p01-ch4sk1fk1fl1.tiff	jpegxl-d1-e5/prod_25/images/plate_41002688/r04c16f05p01-ch4sk1fk1fl1.jxl
s3://cellpainting-gallery/cpg0037-oasis/axiom/images/prod_25/images/plate_41002688/r04c19f14p01-ch1sk1fk1fl1.tiff	jpegxl-d1-e5/prod_25/images/plate_41002688/r04c19f14p01-ch1sk1fk1fl1.jxl
s3://cellpainting-gallery/cpg0037-oasis/axiom/images/prod_25/images/plate_41002688/r04c20f06p01-ch2sk1fk1fl1.tiff	jpegxl-d1-e5/prod_25/images/plate_41002688/r04c20f06p01-ch2sk1fk1fl1.jxl
s3://cellpainting-gallery/cpg0037-oasis/axiom/images/prod_25/images/plate_41002688/r05c09f12p01-ch4sk1fk1fl1.tiff	jpegxl-d1-e5/prod_25/images/plate_41002688/r05c09f12p01-ch4sk1fk1fl1.jxl
s3://cellpainting-gallery/cpg0037-oasis/axiom/images/prod_25/images/plate_41002688/r06c14f09p01-ch2sk1fk1fl1.tiff	jpegxl-d1-e5/prod_25/images/plate_41002688/r06c14f09p01-ch2sk1fk1fl1.jxl
s3://cellpainting-gallery/cpg0037-oasis/axiom/images/prod_25/images/plate_41002688/r10c18f15p01-ch3sk1fk1fl1.tiff	jpegxl-d1-e5/prod_25/images/plate_41002688/r10c18f15p01-ch3sk1fk1fl1.jxl
s3://cellpainting-gallery/cpg0037-oasis/axiom/images/prod_25/images/plate_41002688/r11c02f02p01-ch2sk1fk1fl1.tiff	jpegxl-d1-e5/prod_25/images/plate_41002688/r11c02f02p01-ch2sk1fk1fl1.jxl
s3://cellpainting-gallery/cpg0037-oasis/axiom/images/prod_25/images/plate_41002688/r11c19f03p01-ch4sk1fk1fl1.tiff	jpegxl-d1-e5/prod_25/images/plate_41002688/r11c19f03p01-ch4sk1fk1fl1.jxl
s3://cellpainting-gallery/cpg0037-oasis/axiom/images/prod_25/images/plate_41002688/r12c05f05p01-ch4sk1fk1fl1.tiff	jpegxl-d1-e5/prod_25/images/plate_41002688/r12c05f05p01-ch4sk1fk1fl1.jxl
s3://cellpainting-gallery/cpg0037-oasis/axiom/images/prod_25/images/plate_41002688/r12c06f12p01-ch1sk1fk1fl1.tiff	jpegxl-d1-e5/prod_25/images/plate_41002688/r12c06f12p01-ch1sk1fk1fl1.jxl
s3://cellpainting-gallery/cpg0037-oasis/axiom/images/prod_25/images/plate_41002688/r13c07f03p01-ch4sk1fk1fl1.tiff	jpegxl-d1-e5/prod_25/images/plate_41002688/r13c07f03p01-ch4sk1fk1fl1.jxl
s3://cellpainting-gallery/cpg0037-oasis/axiom/images/prod_25/images/plate_41002688/r13c10f02p01-ch1sk1fk1fl1.tiff	jpegxl-d1-e5/prod_25/images/plate_41002688/r13c10f02p01-ch1sk1fk1fl1.jxl
s3://cellpainting-gallery/cpg0037-oasis/axiom/images/prod_25/images/plate_41002688/r14c10f07p01-ch2sk1fk1fl1.tiff	jpegxl-d1-e5/prod_25/images/plate_41002688/r14c10f07p01-ch2sk1fk1fl1.jxl
s3://cellpainting-gallery/cpg0037-oasis/axiom/images/prod_25/images/plate_41002688/r14c14f09p01-ch1sk1fk1fl1.tiff	jpegxl-d1-e5/prod_25/images/plate_41002688/r14c14f09p01-ch1sk1fk1fl1.jxl
s3://cellpainting-gallery/cpg0037-oasis/axiom/images/prod_25/images/plate_41002688/r14c21f07p01-ch5sk1fk1fl1.tiff	jpegxl-d1-e5/prod_25/images/plate_41002688/r14c21f07p01-ch5sk1fk1fl1.jxl
s3://cellpainting-gallery/cpg0037-oasis/axiom/images/prod_25/images/plate_41002688/r15c09f03p01-ch3sk1fk1fl1.tiff	jpegxl-d1-e5/prod_25/images/plate_41002688/r15c09f03p01-ch3sk1fk1fl1.jxl
s3://cellpainting-gallery/cpg0037-oasis/axiom/images/prod_25/images/plate_41002688/r15c18f12p01-ch6sk1fk1fl1.tiff	jpegxl-d1-e5/prod_25/images/plate_41002688/r15c18f12p01-ch6sk1fk1fl1.jxl
s3://cellpainting-gallery/cpg0037-oasis/axiom/images/prod_25/images/plate_41002688/r16c07f10p01-ch2sk1fk1fl1.tiff	jpegxl-d1-e5/prod_25/images/plate_41002688/r16c07f10p01-ch2sk1fk1fl1.jxl
s3://cellpainting-gallery/cpg0037-oasis/axiom/images/prod_25/images/plate_41002689/r01c01f13p01-ch6sk1fk1fl1.tiff	jpegxl-d1-e5/prod_25/images/plate_41002689/r01c01f13p01-ch6sk1fk1fl1.jxl
s3://cellpainting-gallery/cpg0037-oasis/axiom/images/prod_25/images/plate_41002689/r03c16f14p01-ch4sk1fk1fl1.tiff	jpegxl-d1-e5/prod_25/images/plate_41002689/r03c16f14p01-ch4sk1fk1fl1.jxl
s3://cellpainting-gallery/cpg0037-oasis/axiom/images/prod_25/images/plate_41002689/r05c13f04p01-ch3sk1fk1fl1.tiff	jpegxl-d1-e5/prod_25/images/plate_41002689/r05c13f04p01-ch3sk1fk1fl1.jxl
s3://cellpainting-gallery/cpg0037-oasis/axiom/images/prod_25/images/plate_41002689/r05c19f14p01-ch6sk1fk1fl1.tiff	jpegxl-d1-e5/prod_25/images/plate_41002689/r05c19f14p01-ch6sk1fk1fl1.jxl
s3://cellpainting-gallery/cpg0037-oasis/axiom/images/prod_25/images/plate_41002689/r07c16f02p01-ch6sk1fk1fl1.tiff	jpegxl-d1-e5/prod_25/images/plate_41002689/r07c16f02p01-ch6sk1fk1fl1.jxl
s3://cellpainting-gallery/cpg0037-oasis/axiom/images/prod_25/images/plate_41002689/r07c19f08p01-ch1sk1fk1fl1.tiff	jpegxl-d1-e5/prod_25/images/plate_41002689/r07c19f08p01-ch1sk1fk1fl1.jxl
s3://cellpainting-gallery/cpg0037-oasis/axiom/images/prod_25/images/plate_41002689/r08c08f14p01-ch5sk1fk1fl1.tiff	jpegxl-d1-e5/prod_25/images/plate_41002689/r08c08f14p01-ch5sk1fk1fl1.jxl
s3://cellpainting-gallery/cpg0037-oasis/axiom/images/prod_25/images/plate_41002689/r09c07f05p01-ch5sk1fk1fl1.tiff	jpegxl-d1-e5/prod_25/images/plate_41002689/r09c07f05p01-ch5sk1fk1fl1.jxl
s3://cellpainting-gallery/cpg0037-oasis/axiom/images/prod_25/images/plate_41002689/r13c03f10p01-ch6sk1fk1fl1.tiff	jpegxl-d1-e5/prod_25/images/plate_41002689/r13c03f10p01-ch6sk1fk1fl1.jxl
s3://cellpainting-gallery/cpg0037-oasis/axiom/images/prod_25/images/plate_41002689/r15c17f06p01-ch6sk1fk1fl1.tiff	jpegxl-d1-e5/prod_25/images/plate_41002689/r15c17f06p01-ch6sk1fk1fl1.jxl
s3://cellpainting-gallery/cpg0037-oasis/axiom/images/prod_25/images/plate_41002690/r01c11f15p01-ch6sk1fk1fl1.tiff	jpegxl-d1-e5/prod_25/images/plate_41002690/r01c11f15p01-ch6sk1fk1fl1.jxl
s3://cellpainting-gallery/cpg0037-oasis/axiom/images/prod_25/images/plate_41002690/r01c13f11p01-ch3sk1fk1fl1.tiff	jpegxl-d1-e5/prod_25/images/plate_41002690/r01c13f11p01-ch3sk1fk1fl1.jxl
s3://cellpainting-gallery/cpg0037-oasis/axiom/images/prod_25/images/plate_41002690/r02c19f15p01-ch3sk1fk1fl1.tiff	jpegxl-d1-e5/prod_25/images/plate_41002690/r02c19f15p01-ch3sk1fk1fl1.jxl
s3://cellpainting-gallery/cpg0037-oasis/axiom/images/prod_25/images/plate_41002690/r03c07f02p01-ch2sk1fk1fl1.tiff	jpegxl-d1-e5/prod_25/images/plate_41002690/r03c07f02p01-ch2sk1fk1fl1.jxl
s3://cellpainting-gallery/cpg0037-oasis/axiom/images/prod_25/images/plate_41002690/r04c16f04p01-ch5sk1fk1fl1.tiff	jpegxl-d1-e5/prod_25/images/plate_41002690/r04c16f04p01-ch5sk1fk1fl1.jxl
s3://cellpainting-gallery/cpg0037-oasis/axiom/images/prod_25/images/plate_41002690/r07c01f01p01-ch4sk1fk1fl1.tiff	jpegxl-d1-e5/prod_25/images/plate_41002690/r07c01f01p01-ch4sk1fk1fl1.jxl
s3://cellpainting-gallery/cpg0037-oasis/axiom/images/prod_25/images/plate_41002690/r07c11f13p01-ch1sk1fk1fl1.tiff	jpegxl-d1-e5/prod_25/images/plate_41002690/r07c11f13p01-ch1sk1fk1fl1.jxl
s3://cellpainting-gallery/cpg0037-oasis/axiom/images/prod_25/images/plate_41002690/r09c24f15p01-ch3sk1fk1fl1.tiff	jpegxl-d1-e5/prod_25/images/plate_41002690/r09c24f15p01-ch3sk1fk1fl1.jxl
s3://cellpainting-gallery/cpg0037-oasis/axiom/images/prod_25/images/plate_41002690/r13c21f14p01-ch1sk1fk1fl1.tiff	jpegxl-d1-e5/prod_25/images/plate_41002690/r13c21f14p01-ch1sk1fk1fl1.jxl
s3://cellpainting-gallery/cpg0037-oasis/axiom/images/prod_25/images/plate_41002690/r14c01f12p01-ch4sk1fk1fl1.tiff	jpegxl-d1-e5/prod_25/images/plate_41002690/r14c01f12p01-ch4sk1fk1fl1.jxl
s3://cellpainting-gallery/cpg0037-oasis/axiom/images/prod_25/images/plate_41002690/r15c06f13p01-ch5sk1fk1fl1.tiff	jpegxl-d1-e5/prod_25/images/plate_41002690/r15c06f13p01-ch5sk1fk1fl1.jxl
s3://cellpainting-gallery/cpg0037-oasis/axiom/images/prod_25/images/plate_41002690/r15c15f10p01-ch2sk1fk1fl1.tiff	jpegxl-d1-e5/prod_25/images/plate_41002690/r15c15f10p01-ch2sk1fk1fl1.jxl
s3://cellpainting-gallery/cpg0037-oasis/axiom/images/prod_25/images/plate_41002690/r16c13f06p01-ch4sk1fk1fl1.tiff	jpegxl-d1-e5/prod_25/images/plate_41002690/r16c13f06p01-ch4sk1fk1fl1.jxl
s3://cellpainting-gallery/cpg0037-oasis/axiom/images/prod_25/images/plate_41002691/r02c03f05p01-ch5sk1fk1fl1.tiff	jpegxl-d1-e5/prod_25/images/plate_41002691/r02c03f05p01-ch5sk1fk1fl1.jxl
s3://cellpainting-gallery/cpg0037-oasis/axiom/images/prod_25/images/plate_41002691/r02c05f09p01-ch4sk1fk1fl1.tiff	jpegxl-d1-e5/prod_25/images/plate_41002691/r02c05f09p01-ch4sk1fk1fl1.jxl
s3://cellpainting-gallery/cpg0037-oasis/axiom/images/prod_25/images/plate_41002691/r02c05f14p01-ch3sk1fk1fl1.tiff	jpegxl-d1-e5/prod_25/images/plate_41002691/r02c05f14p01-ch3sk1fk1fl1.jxl
s3://cellpainting-gallery/cpg0037-oasis/axiom/images/prod_25/images/plate_41002691/r05c03f02p01-ch3sk1fk1fl1.tiff	jpegxl-d1-e5/prod_25/images/plate_41002691/r05c03f02p01-ch3sk1fk1fl1.jxl
s3://cellpainting-gallery/cpg0037-oasis/axiom/images/prod_25/images/plate_41002691/r06c15f13p01-ch3sk1fk1fl1.tiff	jpegxl-d1-e5/prod_25/images/plate_41002691/r06c15f13p01-ch3sk1fk1fl1.jxl
s3://cellpainting-gallery/cpg0037-oasis/axiom/images/prod_25/images/plate_41002691/r06c17f04p01-ch6sk1fk1fl1.tiff	jpegxl-d1-e5/prod_25/images/plate_41002691/r06c17f04p01-ch6sk1fk1fl1.jxl
s3://cellpainting-gallery/cpg0037-oasis/axiom/images/prod_25/images/plate_41002691/r07c11f09p01-ch2sk1fk1fl1.tiff	jpegxl-d1-e5/prod_25/images/plate_41002691/r07c11f09p01-ch2sk1fk1fl1.jxl
s3://cellpainting-gallery/cpg0037-oasis/axiom/images/prod_25/images/plate_41002691/r12c17f02p01-ch3sk1fk1fl1.tiff	jpegxl-d1-e5/prod_25/images/plate_41002691/r12c17f02p01-ch3sk1fk1fl1.jxl
s3://cellpainting-gallery/cpg0037-oasis/axiom/images/prod_25/images/plate_41002691/r15c04f08p01-ch3sk1fk1fl1.tiff	jpegxl-d1-e5/prod_25/images/plate_41002691/r15c04f08p01-ch3sk1fk1fl1.jxl
s3://cellpainting-gallery/cpg0037-oasis/axiom/images/prod_25/images/plate_41002691/r16c12f11p01-ch5sk1fk1fl1.tiff	jpegxl-d1-e5/prod_25/images/plate_41002691/r16c12f11p01-ch5sk1fk1fl1.jxl
s3://cellpainting-gallery/cpg0037-oasis/axiom/images/prod_25/images/plate_41002692/r01c07f01p01-ch2sk1fk1fl1.tiff	jpegxl-d1-e5/prod_25/images/plate_41002692/r01c07f01p01-ch2sk1fk1fl1.jxl
s3://cellpainting-gallery/cpg0037-oasis/axiom/images/prod_25/images/plate_41002692/r01c22f10p01-ch3sk1fk1fl1.tiff	jpegxl-d1-e5/prod_25/images/plate_41002692/r01c22f10p01-ch3sk1fk1fl1.jxl
s3://cellpainting-gallery/cpg0037-oasis/axiom/images/prod_25/images/plate_41002692/r02c12f02p01-ch3sk1fk1fl1.tiff	jpegxl-d1-e5/prod_25/images/plate_41002692/r02c12f02p01-ch3sk1fk1fl1.jxl
s3://cellpainting-gallery/cpg0037-oasis/axiom/images/prod_25/images/plate_41002692/r03c04f08p01-ch4sk1fk1fl1.tiff	jpegxl-d1-e5/prod_25/images/plate_41002692/r03c04f08p01-ch4sk1fk1fl1.jxl
s3://cellpainting-gallery/cpg0037-oasis/axiom/images/prod_25/images/plate_41002692/r03c07f02p01-ch4sk1fk1fl1.tiff	jpegxl-d1-e5/prod_25/images/plate_41002692/r03c07f02p01-ch4sk1fk1fl1.jxl
s3://cellpainting-gallery/cpg0037-oasis/axiom/images/prod_25/images/plate_41002692/r03c08f07p01-ch2sk1fk1fl1.tiff	jpegxl-d1-e5/prod_25/images/plate_41002692/r03c08f07p01-ch2sk1fk1fl1.jxl
s3://cellpainting-gallery/cpg0037-oasis/axiom/images/prod_25/images/plate_41002692/r03c23f02p01-ch6sk1fk1fl1.tiff	jpegxl-d1-e5/prod_25/images/plate_41002692/r03c23f02p01-ch6sk1fk1fl1.jxl
s3://cellpainting-gallery/cpg0037-oasis/axiom/images/prod_25/images/plate_41002692/r04c06f14p01-ch1sk1fk1fl1.tiff	jpegxl-d1-e5/prod_25/images/plate_41002692/r04c06f14p01-ch1sk1fk1fl1.jxl
s3://cellpainting-gallery/cpg0037-oasis/axiom/images/prod_25/images/plate_41002692/r05c22f02p01-ch2sk1fk1fl1.tiff	jpegxl-d1-e5/prod_25/images/plate_41002692/r05c22f02p01-ch2sk1fk1fl1.jxl
s3://cellpainting-gallery/cpg0037-oasis/axiom/images/prod_25/images/plate_41002692/r07c05f14p01-ch5sk1fk1fl1.tiff	jpegxl-d1-e5/prod_25/images/plate_41002692/r07c05f14p01-ch5sk1fk1fl1.jxl
s3://cellpainting-gallery/cpg0037-oasis/axiom/images/prod_25/images/plate_41002692/r08c02f13p01-ch3sk1fk1fl1.tiff	jpegxl-d1-e5/prod_25/images/plate_41002692/r08c02f13p01-ch3sk1fk1fl1.jxl
s3://cellpainting-gallery/cpg0037-oasis/axiom/images/prod_25/images/plate_41002692/r09c06f09p01-ch2sk1fk1fl1.tiff	jpegxl-d1-e5/prod_25/images/plate_41002692/r09c06f09p01-ch2sk1fk1fl1.jxl
s3://cellpainting-gallery/cpg0037-oasis/axiom/images/prod_25/images/plate_41002692/r09c14f13p01-ch1sk1fk1fl1.tiff	jpegxl-d1-e5/prod_25/images/plate_41002692/r09c14f13p01-ch1sk1fk1fl1.jxl
s3://cellpainting-gallery/cpg0037-oasis/axiom/images/prod_25/images/plate_41002692/r09c16f08p01-ch5sk1fk1fl1.tiff	jpegxl-d1-e5/prod_25/images/plate_41002692/r09c16f08p01-ch5sk1fk1fl1.jxl
s3://cellpainting-gallery/cpg0037-oasis/axiom/images/prod_25/images/plate_41002692/r09c21f03p01-ch6sk1fk1fl1.tiff	jpegxl-d1-e5/prod_25/images/plate_41002692/r09c21f03p01-ch6sk1fk1fl1.jxl
s3://cellpainting-gallery/cpg0037-oasis/axiom/images/prod_25/images/plate_41002692/r12c17f01p01-ch4sk1fk1fl1.tiff	jpegxl-d1-e5/prod_25/images/plate_41002692/r12c17f01p01-ch4sk1fk1fl1.jxl
s3://cellpainting-gallery/cpg0037-oasis/axiom/images/prod_25/images/plate_41002693/r01c08f11p01-ch6sk1fk1fl1.tiff	jpegxl-d1-e5/prod_25/images/plate_41002693/r01c08f11p01-ch6sk1fk1fl1.jxl
s3://cellpainting-gallery/cpg0037-oasis/axiom/images/prod_25/images/plate_41002693/r01c23f04p01-ch4sk1fk1fl1.tiff	jpegxl-d1-e5/prod_25/images/plate_41002693/r01c23f04p01-ch4sk1fk1fl1.jxl
s3://cellpainting-gallery/cpg0037-oasis/axiom/images/prod_25/images/plate_41002693/r02c12f02p01-ch1sk1fk1fl1.tiff	jpegxl-d1-e5/prod_25/images/plate_41002693/r02c12f02p01-ch1sk1fk1fl1.jxl
s3://cellpainting-gallery/cpg0037-oasis/axiom/images/prod_25/images/plate_41002693/r02c17f01p01-ch6sk1fk1fl1.tiff	jpegxl-d1-e5/prod_25/images/plate_41002693/r02c17f01p01-ch6sk1fk1fl1.jxl
s3://cellpainting-gallery/cpg0037-oasis/axiom/images/prod_25/images/plate_41002693/r02c22f14p01-ch6sk1fk1fl1.tiff	jpegxl-d1-e5/prod_25/images/plate_41002693/r02c22f14p01-ch6sk1fk1fl1.jxl
s3://cellpainting-gallery/cpg0037-oasis/axiom/images/prod_25/images/plate_41002693/r05c10f13p01-ch5sk1fk1fl1.tiff	jpegxl-d1-e5/prod_25/images/plate_41002693/r05c10f13p01-ch5sk1fk1fl1.jxl
s3://cellpainting-gallery/cpg0037-oasis/axiom/images/prod_25/images/plate_41002693/r05c15f06p01-ch5sk1fk1fl1.tiff	jpegxl-d1-e5/prod_25/images/plate_41002693/r05c15f06p01-ch5sk1fk1fl1.jxl
s3://cellpainting-gallery/cpg0037-oasis/axiom/images/prod_25/images/plate_41002693/r06c14f07p01-ch5sk1fk1fl1.tiff	jpegxl-d1-e5/prod_25/images/plate_41002693/r06c14f07p01-ch5sk1fk1fl1.jxl
s3://cellpainting-gallery/cpg0037-oasis/axiom/images/prod_25/images/plate_41002693/r06c24f09p01-ch6sk1fk1fl1.tiff	jpegxl-d1-e5/prod_25/images/plate_41002693/r06c24f09p01-ch6sk1fk1fl1.jxl
s3://cellpainting-gallery/cpg0037-oasis/axiom/images/prod_25/images/plate_41002693/r07c20f01p01-ch6sk1fk1fl1.tiff	jpegxl-d1-e5/prod_25/images/plate_41002693/r07c20f01p01-ch6sk1fk1fl1.jxl
s3://cellpainting-gallery/cpg0037-oasis/axiom/images/prod_25/images/plate_41002693/r08c14f06p01-ch4sk1fk1fl1.tiff	jpegxl-d1-e5/prod_25/images/plate_41002693/r08c14f06p01-ch4sk1fk1fl1.jxl
s3://cellpainting-gallery/cpg0037-oasis/axiom/images/prod_25/images/plate_41002693/r08c18f04p01-ch4sk1fk1fl1.tiff	jpegxl-d1-e5/prod_25/images/plate_41002693/r08c18f04p01-ch4sk1fk1fl1.jxl
s3://cellpainting-gallery/cpg0037-oasis/axiom/images/prod_25/images/plate_41002693/r09c10f06p01-ch5sk1fk1fl1.tiff	jpegxl-d1-e5/prod_25/images/plate_41002693/r09c10f06p01-ch5sk1fk1fl1.jxl
s3://cellpainting-gallery/cpg0037-oasis/axiom/images/prod_25/images/plate_41002693/r09c24f11p01-ch4sk1fk1fl1.tiff	jpegxl-d1-e5/prod_25/images/plate_41002693/r09c24f11p01-ch4sk1fk1fl1.jxl
s3://cellpainting-gallery/cpg0037-oasis/axiom/images/prod_25/images/plate_41002693/r10c12f03p01-ch3sk1fk1fl1.tiff	jpegxl-d1-e5/prod_25/images/plate_41002693/r10c12f03p01-ch3sk1fk1fl1.jxl
s3://cellpainting-gallery/cpg0037-oasis/axiom/images/prod_25/images/plate_41002693/r11c02f12p01-ch6sk1fk1fl1.tiff	jpegxl-d1-e5/prod_25/images/plate_41002693/r11c02f12p01-ch6sk1fk1fl1.jxl
s3://cellpainting-gallery/cpg0037-oasis/axiom/images/prod_25/images/plate_41002693/r14c13f14p01-ch4sk1fk1fl1.tiff	jpegxl-d1-e5/prod_25/images/plate_41002693/r14c13f14p01-ch4sk1fk1fl1.jxl
s3://cellpainting-gallery/cpg0037-oasis/axiom/images/prod_25/images/plate_41002693/r15c12f15p01-ch4sk1fk1fl1.tiff	jpegxl-d1-e5/prod_25/images/plate_41002693/r15c12f15p01-ch4sk1fk1fl1.jxl
s3://cellpainting-gallery/cpg0037-oasis/axiom/images/prod_25/images/plate_41002693/r16c06f07p01-ch1sk1fk1fl1.tiff	jpegxl-d1-e5/prod_25/images/plate_41002693/r16c06f07p01-ch1sk1fk1fl1.jxl
s3://cellpainting-gallery/cpg0037-oasis/axiom/images/prod_25/images/plate_41002694/r01c14f13p01-ch2sk1fk1fl1.tiff	jpegxl-d1-e5/prod_25/images/plate_41002694/r01c14f13p01-ch2sk1fk1fl1.jxl
s3://cellpainting-gallery/cpg0037-oasis/axiom/images/prod_25/images/plate_41002694/r02c06f08p01-ch2sk1fk1fl1.tiff	jpegxl-d1-e5/prod_25/images/plate_41002694/r02c06f08p01-ch2sk1fk1fl1.jxl
s3://cellpainting-gallery/cpg0037-oasis/axiom/images/prod_25/images/plate_41002694/r04c04f10p01-ch5sk1fk1fl1.tiff	jpegxl-d1-e5/prod_25/images/plate_41002694/r04c04f10p01-ch5sk1fk1fl1.jxl
s3://cellpainting-gallery/cpg0037-oasis/axiom/images/prod_25/images/plate_41002694/r04c20f03p01-ch1sk1fk1fl1.tiff	jpegxl-d1-e5/prod_25/images/plate_41002694/r04c20f03p01-ch1sk1fk1fl1.jxl
s3://cellpainting-gallery/cpg0037-oasis/axiom/images/prod_25/images/plate_41002694/r07c10f01p01-ch1sk1fk1fl1.tiff	jpegxl-d1-e5/prod_25/images/plate_41002694/r07c10f01p01-ch1sk1fk1fl1.jxl
s3://cellpainting-gallery/cpg0037-oasis/axiom/images/prod_25/images/plate_41002694/r08c12f02p01-ch3sk1fk1fl1.tiff	jpegxl-d1-e5/prod_25/images/plate_41002694/r08c12f02p01-ch3sk1fk1fl1.jxl
s3://cellpainting-gallery/cpg0037-oasis/axiom/images/prod_25/images/plate_41002694/r09c24f05p01-ch3sk1fk1fl1.tiff	jpegxl-d1-e5/prod_25/images/plate_41002694/r09c24f05p01-ch3sk1fk1fl1.jxl
s3://cellpainting-gallery/cpg0037-oasis/axiom/images/prod_25/images/plate_41002694/r10c12f07p01-ch2sk1fk1fl1.tiff	jpegxl-d1-e5/prod_25/images/plate_41002694/r10c12f07p01-ch2sk1fk1fl1.jxl
s3://cellpainting-gallery/cpg0037-oasis/axiom/images/prod_25/images/plate_41002694/r11c24f10p01-ch1sk1fk1fl1.tiff	jpegxl-d1-e5/prod_25/images/plate_41002694/r11c24f10p01-ch1sk1fk1fl1.jxl
s3://cellpainting-gallery/cpg0037-oasis/axiom/images/prod_25/images/plate_41002694/r12c05f05p01-ch4sk1fk1fl1.tiff	jpegxl-d1-e5/prod_25/images/plate_41002694/r12c05f05p01-ch4sk1fk1fl1.jxl
s3://cellpainting-gallery/cpg0037-oasis/axiom/images/prod_25/images/plate_41002694/r13c03f08p01-ch4sk1fk1fl1.tiff	jpegxl-d1-e5/prod_25/images/plate_41002694/r13c03f08p01-ch4sk1fk1fl1.jxl
s3://cellpainting-gallery/cpg0037-oasis/axiom/images/prod_25/images/plate_41002694/r13c21f03p01-ch2sk1fk1fl1.tiff	jpegxl-d1-e5/prod_25/images/plate_41002694/r13c21f03p01-ch2sk1fk1fl1.jxl
s3://cellpainting-gallery/cpg0037-oasis/axiom/images/prod_25/images/plate_41002694/r14c07f15p01-ch6sk1fk1fl1.tiff	jpegxl-d1-e5/prod_25/images/plate_41002694/r14c07f15p01-ch6sk1fk1fl1.jxl
s3://cellpainting-gallery/cpg0037-oasis/axiom/images/prod_25/images/plate_41002694/r14c24f08p01-ch3sk1fk1fl1.tiff	jpegxl-d1-e5/prod_25/images/plate_41002694/r14c24f08p01-ch3sk1fk1fl1.jxl
s3://cellpainting-gallery/cpg0037-oasis/axiom/images/prod_25/images/plate_41002694/r16c03f06p01-ch5sk1fk1fl1.tiff	jpegxl-d1-e5/prod_25/images/plate_41002694/r16c03f06p01-ch5sk1fk1fl1.jxl
s3://cellpainting-gallery/cpg0037-oasis/axiom/images/prod_25/images/plate_41002695/r01c05f12p01-ch5sk1fk1fl1.tiff	jpegxl-d1-e5/prod_25/images/plate_41002695/r01c05f12p01-ch5sk1fk1fl1.jxl
s3://cellpainting-gallery/cpg0037-oasis/axiom/images/prod_25/images/plate_41002695/r02c06f02p01-ch5sk1fk1fl1.tiff	jpegxl-d1-e5/prod_25/images/plate_41002695/r02c06f02p01-ch5sk1fk1fl1.jxl
s3://cellpainting-gallery/cpg0037-oasis/axiom/images/prod_25/images/plate_41002695/r04c22f03p01-ch6sk1fk1fl1.tiff	jpegxl-d1-e5/prod_25/images/plate_41002695/r04c22f03p01-ch6sk1fk1fl1.jxl
s3://cellpainting-gallery/cpg0037-oasis/axiom/images/prod_25/images/plate_41002695/r05c11f10p01-ch3sk1fk1fl1.tiff	jpegxl-d1-e5/prod_25/images/plate_41002695/r05c11f10p01-ch3sk1fk1fl1.jxl
s3://cellpainting-gallery/cpg0037-oasis/axiom/images/prod_25/images/plate_41002695/r05c16f10p01-ch5sk1fk1fl1.tiff	jpegxl-d1-e5/prod_25/images/plate_41002695/r05c16f10p01-ch5sk1fk1fl1.jxl
s3://cellpainting-gallery/cpg0037-oasis/axiom/images/prod_25/images/plate_41002695/r06c08f13p01-ch5sk1fk1fl1.tiff	jpegxl-d1-e5/prod_25/images/plate_41002695/r06c08f13p01-ch5sk1fk1fl1.jxl
s3://cellpainting-gallery/cpg0037-oasis/axiom/images/prod_25/images/plate_41002695/r08c23f05p01-ch2sk1fk1fl1.tiff	jpegxl-d1-e5/prod_25/images/plate_41002695/r08c23f05p01-ch2sk1fk1fl1.jxl
s3://cellpainting-gallery/cpg0037-oasis/axiom/images/prod_25/images/plate_41002695/r10c01f15p01-ch3sk1fk1fl1.tiff	jpegxl-d1-e5/prod_25/images/plate_41002695/r10c01f15p01-ch3sk1fk1fl1.jxl
s3://cellpainting-gallery/cpg0037-oasis/axiom/images/prod_25/images/plate_41002695/r14c07f12p01-ch4sk1fk1fl1.tiff	jpegxl-d1-e5/prod_25/images/plate_41002695/r14c07f12p01-ch4sk1fk1fl1.jxl
s3://cellpainting-gallery/cpg0037-oasis/axiom/images/prod_25/images/plate_41002695/r14c12f13p01-ch6sk1fk1fl1.tiff	jpegxl-d1-e5/prod_25/images/plate_41002695/r14c12f13p01-ch6sk1fk1fl1.jxl
s3://cellpainting-gallery/cpg0037-oasis/axiom/images/prod_25/images/plate_41002695/r16c01f03p01-ch6sk1fk1fl1.tiff	jpegxl-d1-e5/prod_25/images/plate_41002695/r16c01f03p01-ch6sk1fk1fl1.jxl
s3://cellpainting-gallery/cpg0037-oasis/axiom/images/prod_25/images/plate_41002696/r01c04f10p01-ch3sk1fk1fl1.tiff	jpegxl-d1-e5/prod_25/images/plate_41002696/r01c04f10p01-ch3sk1fk1fl1.jxl
s3://cellpainting-gallery/cpg0037-oasis/axiom/images/prod_25/images/plate_41002696/r01c07f08p01-ch5sk1fk1fl1.tiff	jpegxl-d1-e5/prod_25/images/plate_41002696/r01c07f08p01-ch5sk1fk1fl1.jxl
s3://cellpainting-gallery/cpg0037-oasis/axiom/images/prod_25/images/plate_41002696/r01c08f05p01-ch5sk1fk1fl1.tiff	jpegxl-d1-e5/prod_25/images/plate_41002696/r01c08f05p01-ch5sk1fk1fl1.jxl
s3://cellpainting-gallery/cpg0037-oasis/axiom/images/prod_25/images/plate_41002696/r02c01f10p01-ch2sk1fk1fl1.tiff	jpegxl-d1-e5/prod_25/images/plate_41002696/r02c01f10p01-ch2sk1fk1fl1.jxl
s3://cellpainting-gallery/cpg0037-oasis/axiom/images/prod_25/images/plate_41002696/r02c17f15p01-ch5sk1fk1fl1.tiff	jpegxl-d1-e5/prod_25/images/plate_41002696/r02c17f15p01-ch5sk1fk1fl1.jxl
s3://cellpainting-gallery/cpg0037-oasis/axiom/images/prod_25/images/plate_41002696/r04c20f04p01-ch4sk1fk1fl1.tiff	jpegxl-d1-e5/prod_25/images/plate_41002696/r04c20f04p01-ch4sk1fk1fl1.jxl
s3://cellpainting-gallery/cpg0037-oasis/axiom/images/prod_25/images/plate_41002696/r04c20f07p01-ch4sk1fk1fl1.tiff	jpegxl-d1-e5/prod_25/images/plate_41002696/r04c20f07p01-ch4sk1fk1fl1.jxl
s3://cellpainting-gallery/cpg0037-oasis/axiom/images/prod_25/images/plate_41002696/r05c02f02p01-ch5sk1fk1fl1.tiff	jpegxl-d1-e5/prod_25/images/plate_41002696/r05c02f02p01-ch5sk1fk1fl1.jxl
s3://cellpainting-gallery/cpg0037-oasis/axiom/images/prod_25/images/plate_41002696/r05c13f03p01-ch6sk1fk1fl1.tiff	jpegxl-d1-e5/prod_25/images/plate_41002696/r05c13f03p01-ch6sk1fk1fl1.jxl
s3://cellpainting-gallery/cpg0037-oasis/axiom/images/prod_25/images/plate_41002696/r05c16f03p01-ch4sk1fk1fl1.tiff	jpegxl-d1-e5/prod_25/images/plate_41002696/r05c16f03p01-ch4sk1fk1fl1.jxl
s3://cellpainting-gallery/cpg0037-oasis/axiom/images/prod_25/images/plate_41002696/r05c18f13p01-ch3sk1fk1fl1.tiff	jpegxl-d1-e5/prod_25/images/plate_41002696/r05c18f13p01-ch3sk1fk1fl1.jxl
s3://cellpainting-gallery/cpg0037-oasis/axiom/images/prod_25/images/plate_41002696/r06c05f08p01-ch2sk1fk1fl1.tiff	jpegxl-d1-e5/prod_25/images/plate_41002696/r06c05f08p01-ch2sk1fk1fl1.jxl
s3://cellpainting-gallery/cpg0037-oasis/axiom/images/prod_25/images/plate_41002696/r06c12f14p01-ch2sk1fk1fl1.tiff	jpegxl-d1-e5/prod_25/images/plate_41002696/r06c12f14p01-ch2sk1fk1fl1.jxl
s3://cellpainting-gallery/cpg0037-oasis/axiom/images/prod_25/images/plate_41002696/r07c10f07p01-ch1sk1fk1fl1.tiff	jpegxl-d1-e5/prod_25/images/plate_41002696/r07c10f07p01-ch1sk1fk1fl1.jxl
s3://cellpainting-gallery/cpg0037-oasis/axiom/images/prod_25/images/plate_41002696/r08c07f12p01-ch3sk1fk1fl1.tiff	jpegxl-d1-e5/prod_25/images/plate_41002696/r08c07f12p01-ch3sk1fk1fl1.jxl
s3://cellpainting-gallery/cpg0037-oasis/axiom/images/prod_25/images/plate_41002696/r09c03f15p01-ch2sk1fk1fl1.tiff	jpegxl-d1-e5/prod_25/images/plate_41002696/r09c03f15p01-ch2sk1fk1fl1.jxl
s3://cellpainting-gallery/cpg0037-oasis/axiom/images/prod_25/images/plate_41002696/r09c23f02p01-ch4sk1fk1fl1.tiff	jpegxl-d1-e5/prod_25/images/plate_41002696/r09c23f02p01-ch4sk1fk1fl1.jxl
s3://cellpainting-gallery/cpg0037-oasis/axiom/images/prod_25/images/plate_41002696/r10c08f15p01-ch6sk1fk1fl1.tiff	jpegxl-d1-e5/prod_25/images/plate_41002696/r10c08f15p01-ch6sk1fk1fl1.jxl
s3://cellpainting-gallery/cpg0037-oasis/axiom/images/prod_25/images/plate_41002696/r10c12f02p01-ch3sk1fk1fl1.tiff	jpegxl-d1-e5/prod_25/images/plate_41002696/r10c12f02p01-ch3sk1fk1fl1.jxl
s3://cellpainting-gallery/cpg0037-oasis/axiom/images/prod_25/images/plate_41002696/r10c15f08p01-ch1sk1fk1fl1.tiff	jpegxl-d1-e5/prod_25/images/plate_41002696/r10c15f08p01-ch1sk1fk1fl1.jxl
s3://cellpainting-gallery/cpg0037-oasis/axiom/images/prod_25/images/plate_41002696/r11c05f15p01-ch5sk1fk1fl1.tiff	jpegxl-d1-e5/prod_25/images/plate_41002696/r11c05f15p01-ch5sk1fk1fl1.jxl
s3://cellpainting-gallery/cpg0037-oasis/axiom/images/prod_25/images/plate_41002696/r11c11f07p01-ch6sk1fk1fl1.tiff	jpegxl-d1-e5/prod_25/images/plate_41002696/r11c11f07p01-ch6sk1fk1fl1.jxl
s3://cellpainting-gallery/cpg0037-oasis/axiom/images/prod_25/images/plate_41002696/r12c02f06p01-ch3sk1fk1fl1.tiff	jpegxl-d1-e5/prod_25/images/plate_41002696/r12c02f06p01-ch3sk1fk1fl1.jxl
s3://cellpainting-gallery/cpg0037-oasis/axiom/images/prod_25/images/plate_41002696/r12c17f10p01-ch3sk1fk1fl1.tiff	jpegxl-d1-e5/prod_25/images/plate_41002696/r12c17f10p01-ch3sk1fk1fl1.jxl
s3://cellpainting-gallery/cpg0037-oasis/axiom/images/prod_25/images/plate_41002696/r13c10f12p01-ch1sk1fk1fl1.tiff	jpegxl-d1-e5/prod_25/images/plate_41002696/r13c10f12p01-ch1sk1fk1fl1.jxl
s3://cellpainting-gallery/cpg0037-oasis/axiom/images/prod_25/images/plate_41002696/r13c17f08p01-ch4sk1fk1fl1.tiff	jpegxl-d1-e5/prod_25/images/plate_41002696/r13c17f08p01-ch4sk1fk1fl1.jxl
s3://cellpainting-gallery/cpg0037-oasis/axiom/images/prod_25/images/plate_41002696/r13c18f15p01-ch2sk1fk1fl1.tiff	jpegxl-d1-e5/prod_25/images/plate_41002696/r13c18f15p01-ch2sk1fk1fl1.jxl
s3://cellpainting-gallery/cpg0037-oasis/axiom/images/prod_25/images/plate_41002696/r14c13f12p01-ch6sk1fk1fl1.tiff	jpegxl-d1-e5/prod_25/images/plate_41002696/r14c13f12p01-ch6sk1fk1fl1.jxl
s3://cellpainting-gallery/cpg0037-oasis/axiom/images/prod_25/images/plate_41002696/r15c01f04p01-ch6sk1fk1fl1.tiff	jpegxl-d1-e5/prod_25/images/plate_41002696/r15c01f04p01-ch6sk1fk1fl1.jxl
s3://cellpainting-gallery/cpg0037-oasis/axiom/images/prod_25/images/plate_41002696/r16c20f08p01-ch2sk1fk1fl1.tiff	jpegxl-d1-e5/prod_25/images/plate_41002696/r16c20f08p01-ch2sk1fk1fl1.jxl
s3://cellpainting-gallery/cpg0037-oasis/axiom/images/prod_25/images/plate_41002696/r16c24f06p01-ch2sk1fk1fl1.tiff	jpegxl-d1-e5/prod_25/images/plate_41002696/r16c24f06p01-ch2sk1fk1fl1.jxl
s3://cellpainting-gallery/cpg0037-oasis/axiom/images/prod_25/images/plate_41002697/r01c07f07p01-ch3sk1fk1fl1.tiff	jpegxl-d1-e5/prod_25/images/plate_41002697/r01c07f07p01-ch3sk1fk1fl1.jxl
s3://cellpainting-gallery/cpg0037-oasis/axiom/images/prod_25/images/plate_41002697/r02c02f14p01-ch5sk1fk1fl1.tiff	jpegxl-d1-e5/prod_25/images/plate_41002697/r02c02f14p01-ch5sk1fk1fl1.jxl
s3://cellpainting-gallery/cpg0037-oasis/axiom/images/prod_25/images/plate_41002697/r02c10f15p01-ch1sk1fk1fl1.tiff	jpegxl-d1-e5/prod_25/images/plate_41002697/r02c10f15p01-ch1sk1fk1fl1.jxl
s3://cellpainting-gallery/cpg0037-oasis/axiom/images/prod_25/images/plate_41002697/r06c06f02p01-ch4sk1fk1fl1.tiff	jpegxl-d1-e5/prod_25/images/plate_41002697/r06c06f02p01-ch4sk1fk1fl1.jxl
s3://cellpainting-gallery/cpg0037-oasis/axiom/images/prod_25/images/plate_41002697/r06c12f11p01-ch1sk1fk1fl1.tiff	jpegxl-d1-e5/prod_25/images/plate_41002697/r06c12f11p01-ch1sk1fk1fl1.jxl
s3://cellpainting-gallery/cpg0037-oasis/axiom/images/prod_25/images/plate_41002697/r08c01f01p01-ch4sk1fk1fl1.tiff	jpegxl-d1-e5/prod_25/images/plate_41002697/r08c01f01p01-ch4sk1fk1fl1.jxl
s3://cellpainting-gallery/cpg0037-oasis/axiom/images/prod_25/images/plate_41002697/r08c04f06p01-ch1sk1fk1fl1.tiff	jpegxl-d1-e5/prod_25/images/plate_41002697/r08c04f06p01-ch1sk1fk1fl1.jxl
s3://cellpainting-gallery/cpg0037-oasis/axiom/images/prod_25/images/plate_41002697/r08c15f12p01-ch5sk1fk1fl1.tiff	jpegxl-d1-e5/prod_25/images/plate_41002697/r08c15f12p01-ch5sk1fk1fl1.jxl
s3://cellpainting-gallery/cpg0037-oasis/axiom/images/prod_25/images/plate_41002697/r10c14f08p01-ch2sk1fk1fl1.tiff	jpegxl-d1-e5/prod_25/images/plate_41002697/r10c14f08p01-ch2sk1fk1fl1.jxl
s3://cellpainting-gallery/cpg0037-oasis/axiom/images/prod_25/images/plate_41002697/r10c16f15p01-ch6sk1fk1fl1.tiff	jpegxl-d1-e5/prod_25/images/plate_41002697/r10c16f15p01-ch6sk1fk1fl1.jxl
s3://cellpainting-gallery/cpg0037-oasis/axiom/images/prod_25/images/plate_41002697/r10c17f03p01-ch5sk1fk1fl1.tiff	jpegxl-d1-e5/prod_25/images/plate_41002697/r10c17f03p01-ch5sk1fk1fl1.jxl
s3://cellpainting-gallery/cpg0037-oasis/axiom/images/prod_25/images/plate_41002697/r12c13f09p01-ch3sk1fk1fl1.tiff	jpegxl-d1-e5/prod_25/images/plate_41002697/r12c13f09p01-ch3sk1fk1fl1.jxl
s3://cellpainting-gallery/cpg0037-oasis/axiom/images/prod_25/images/plate_41002697/r12c13f14p01-ch6sk1fk1fl1.tiff	jpegxl-d1-e5/prod_25/images/plate_41002697/r12c13f14p01-ch6sk1fk1fl1.jxl
s3://cellpainting-gallery/cpg0037-oasis/axiom/images/prod_25/images/plate_41002697/r13c17f07p01-ch3sk1fk1fl1.tiff	jpegxl-d1-e5/prod_25/images/plate_41002697/r13c17f07p01-ch3sk1fk1fl1.jxl
s3://cellpainting-gallery/cpg0037-oasis/axiom/images/prod_25/images/plate_41002697/r13c21f05p01-ch5sk1fk1fl1.tiff	jpegxl-d1-e5/prod_25/images/plate_41002697/r13c21f05p01-ch5sk1fk1fl1.jxl
s3://cellpainting-gallery/cpg0037-oasis/axiom/images/prod_25/images/plate_41002697/r14c21f07p01-ch1sk1fk1fl1.tiff	jpegxl-d1-e5/prod_25/images/plate_41002697/r14c21f07p01-ch1sk1fk1fl1.jxl
s3://cellpainting-gallery/cpg0037-oasis/axiom/images/prod_25/images/plate_41002697/r14c24f01p01-ch3sk1fk1fl1.tiff	jpegxl-d1-e5/prod_25/images/plate_41002697/r14c24f01p01-ch3sk1fk1fl1.jxl
s3://cellpainting-gallery/cpg0037-oasis/axiom/images/prod_25/images/plate_41002697/r15c04f06p01-ch2sk1fk1fl1.tiff	jpegxl-d1-e5/prod_25/images/plate_41002697/r15c04f06p01-ch2sk1fk1fl1.jxl
s3://cellpainting-gallery/cpg0037-oasis/axiom/images/prod_25/images/plate_41002697/r15c16f05p01-ch3sk1fk1fl1.tiff	jpegxl-d1-e5/prod_25/images/plate_41002697/r15c16f05p01-ch3sk1fk1fl1.jxl
s3://cellpainting-gallery/cpg0037-oasis/axiom/images/prod_25/images/plate_41002698/r01c11f04p01-ch4sk1fk1fl1.tiff	jpegxl-d1-e5/prod_25/images/plate_41002698/r01c11f04p01-ch4sk1fk1fl1.jxl
s3://cellpainting-gallery/cpg0037-oasis/axiom/images/prod_25/images/plate_41002698/r01c15f08p01-ch2sk1fk1fl1.tiff	jpegxl-d1-e5/prod_25/images/plate_41002698/r01c15f08p01-ch2sk1fk1fl1.jxl
s3://cellpainting-gallery/cpg0037-oasis/axiom/images/prod_25/images/plate_41002698/r01c17f07p01-ch1sk1fk1fl1.tiff	jpegxl-d1-e5/prod_25/images/plate_41002698/r01c17f07p01-ch1sk1fk1fl1.jxl
s3://cellpainting-gallery/cpg0037-oasis/axiom/images/prod_25/images/plate_41002698/r02c15f08p01-ch4sk1fk1fl1.tiff	jpegxl-d1-e5/prod_25/images/plate_41002698/r02c15f08p01-ch4sk1fk1fl1.jxl
s3://cellpainting-gallery/cpg0037-oasis/axiom/images/prod_25/images/plate_41002698/r03c11f12p01-ch2sk1fk1fl1.tiff	jpegxl-d1-e5/prod_25/images/plate_41002698/r03c11f12p01-ch2sk1fk1fl1.jxl
s3://cellpainting-gallery/cpg0037-oasis/axiom/images/prod_25/images/plate_41002698/r03c15f10p01-ch6sk1fk1fl1.tiff	jpegxl-d1-e5/prod_25/images/plate_41002698/r03c15f10p01-ch6sk1fk1fl1.jxl
s3://cellpainting-gallery/cpg0037-oasis/axiom/images/prod_25/images/plate_41002698/r03c18f07p01-ch5sk1fk1fl1.tiff	jpegxl-d1-e5/prod_25/images/plate_41002698/r03c18f07p01-ch5sk1fk1fl1.jxl
s3://cellpainting-gallery/cpg0037-oasis/axiom/images/prod_25/images/plate_41002698/r04c10f05p01-ch3sk1fk1fl1.tiff	jpegxl-d1-e5/prod_25/images/plate_41002698/r04c10f05p01-ch3sk1fk1fl1.jxl
s3://cellpainting-gallery/cpg0037-oasis/axiom/images/prod_25/images/plate_41002698/r05c04f10p01-ch5sk1fk1fl1.tiff	jpegxl-d1-e5/prod_25/images/plate_41002698/r05c04f10p01-ch5sk1fk1fl1.jxl
s3://cellpainting-gallery/cpg0037-oasis/axiom/images/prod_25/images/plate_41002698/r07c17f05p01-ch3sk1fk1fl1.tiff	jpegxl-d1-e5/prod_25/images/plate_41002698/r07c17f05p01-ch3sk1fk1fl1.jxl
s3://cellpainting-gallery/cpg0037-oasis/axiom/images/prod_25/images/plate_41002698/r09c03f02p01-ch5sk1fk1fl1.tiff	jpegxl-d1-e5/prod_25/images/plate_41002698/r09c03f02p01-ch5sk1fk1fl1.jxl
s3://cellpainting-gallery/cpg0037-oasis/axiom/images/prod_25/images/plate_41002698/r11c10f10p01-ch6sk1fk1fl1.tiff	jpegxl-d1-e5/prod_25/images/plate_41002698/r11c10f10p01-ch6sk1fk1fl1.jxl
s3://cellpainting-gallery/cpg0037-oasis/axiom/images/prod_25/images/plate_41002698/r11c17f09p01-ch1sk1fk1fl1.tiff	jpegxl-d1-e5/prod_25/images/plate_41002698/r11c17f09p01-ch1sk1fk1fl1.jxl
s3://cellpainting-gallery/cpg0037-oasis/axiom/images/prod_25/images/plate_41002698/r12c17f13p01-ch3sk1fk1fl1.tiff	jpegxl-d1-e5/prod_25/images/plate_41002698/r12c17f13p01-ch3sk1fk1fl1.jxl
s3://cellpainting-gallery/cpg0037-oasis/axiom/images/prod_25/images/plate_41002698/r13c15f04p01-ch4sk1fk1fl1.tiff	jpegxl-d1-e5/prod_25/images/plate_41002698/r13c15f04p01-ch4sk1fk1fl1.jxl
s3://cellpainting-gallery/cpg0037-oasis/axiom/images/prod_25/images/plate_41002698/r14c13f10p01-ch2sk1fk1fl1.tiff	jpegxl-d1-e5/prod_25/images/plate_41002698/r14c13f10p01-ch2sk1fk1fl1.jxl
s3://cellpainting-gallery/cpg0037-oasis/axiom/images/prod_25/images/plate_41002698/r16c21f10p01-ch1sk1fk1fl1.tiff	jpegxl-d1-e5/prod_25/images/plate_41002698/r16c21f10p01-ch1sk1fk1fl1.jxl
s3://cellpainting-gallery/cpg0037-oasis/axiom/images/prod_25/images/plate_41002699/r01c18f05p01-ch6sk1fk1fl1.tiff	jpegxl-d1-e5/prod_25/images/plate_41002699/r01c18f05p01-ch6sk1fk1fl1.jxl
s3://cellpainting-gallery/cpg0037-oasis/axiom/images/prod_25/images/plate_41002699/r03c03f10p01-ch6sk1fk1fl1.tiff	jpegxl-d1-e5/prod_25/images/plate_41002699/r03c03f10p01-ch6sk1fk1fl1.jxl
s3://cellpainting-gallery/cpg0037-oasis/axiom/images/prod_25/images/plate_41002699/r03c19f13p01-ch3sk1fk1fl1.tiff	jpegxl-d1-e5/prod_25/images/plate_41002699/r03c19f13p01-ch3sk1fk1fl1.jxl
s3://cellpainting-gallery/cpg0037-oasis/axiom/images/prod_25/images/plate_41002699/r04c03f04p01-ch6sk1fk1fl1.tiff	jpegxl-d1-e5/prod_25/images/plate_41002699/r04c03f04p01-ch6sk1fk1fl1.jxl
s3://cellpainting-gallery/cpg0037-oasis/axiom/images/prod_25/images/plate_41002699/r04c23f08p01-ch3sk1fk1fl1.tiff	jpegxl-d1-e5/prod_25/images/plate_41002699/r04c23f08p01-ch3sk1fk1fl1.jxl
s3://cellpainting-gallery/cpg0037-oasis/axiom/images/prod_25/images/plate_41002699/r05c01f08p01-ch4sk1fk1fl1.tiff	jpegxl-d1-e5/prod_25/images/plate_41002699/r05c01f08p01-ch4sk1fk1fl1.jxl
s3://cellpainting-gallery/cpg0037-oasis/axiom/images/prod_25/images/plate_41002699/r05c23f13p01-ch6sk1fk1fl1.tiff	jpegxl-d1-e5/prod_25/images/plate_41002699/r05c23f13p01-ch6sk1fk1fl1.jxl
s3://cellpainting-gallery/cpg0037-oasis/axiom/images/prod_25/images/plate_41002699/r06c04f10p01-ch4sk1fk1fl1.tiff	jpegxl-d1-e5/prod_25/images/plate_41002699/r06c04f10p01-ch4sk1fk1fl1.jxl
s3://cellpainting-gallery/cpg0037-oasis/axiom/images/prod_25/images/plate_41002699/r06c09f07p01-ch5sk1fk1fl1.tiff	jpegxl-d1-e5/prod_25/images/plate_41002699/r06c09f07p01-ch5sk1fk1fl1.jxl
s3://cellpainting-gallery/cpg0037-oasis/axiom/images/prod_25/images/plate_41002699/r06c11f15p01-ch1sk1fk1fl1.tiff	jpegxl-d1-e5/prod_25/images/plate_41002699/r06c11f15p01-ch1sk1fk1fl1.jxl
s3://cellpainting-gallery/cpg0037-oasis/axiom/images/prod_25/images/plate_41002699/r07c22f09p01-ch3sk1fk1fl1.tiff	jpegxl-d1-e5/prod_25/images/plate_41002699/r07c22f09p01-ch3sk1fk1fl1.jxl
s3://cellpainting-gallery/cpg0037-oasis/axiom/images/prod_25/images/plate_41002699/r08c02f09p01-ch1sk1fk1fl1.tiff	jpegxl-d1-e5/prod_25/images/plate_41002699/r08c02f09p01-ch1sk1fk1fl1.jxl
s3://cellpainting-gallery/cpg0037-oasis/axiom/images/prod_25/images/plate_41002699/r09c08f09p01-ch5sk1fk1fl1.tiff	jpegxl-d1-e5/prod_25/images/plate_41002699/r09c08f09p01-ch5sk1fk1fl1.jxl
s3://cellpainting-gallery/cpg0037-oasis/axiom/images/prod_25/images/plate_41002699/r09c19f06p01-ch4sk1fk1fl1.tiff	jpegxl-d1-e5/prod_25/images/plate_41002699/r09c19f06p01-ch4sk1fk1fl1.jxl
s3://cellpainting-gallery/cpg0037-oasis/axiom/images/prod_25/images/plate_41002699/r10c07f10p01-ch1sk1fk1fl1.tiff	jpegxl-d1-e5/prod_25/images/plate_41002699/r10c07f10p01-ch1sk1fk1fl1.jxl
s3://cellpainting-gallery/cpg0037-oasis/axiom/images/prod_25/images/plate_41002699/r12c03f13p01-ch5sk1fk1fl1.tiff	jpegxl-d1-e5/prod_25/images/plate_41002699/r12c03f13p01-ch5sk1fk1fl1.jxl
s3://cellpainting-gallery/cpg0037-oasis/axiom/images/prod_25/images/plate_41002699/r14c09f05p01-ch4sk1fk1fl1.tiff	jpegxl-d1-e5/prod_25/images/plate_41002699/r14c09f05p01-ch4sk1fk1fl1.jxl
s3://cellpainting-gallery/cpg0037-oasis/axiom/images/prod_25/images/plate_41002700/r01c05f09p01-ch2sk1fk1fl1.tiff	jpegxl-d1-e5/prod_25/images/plate_41002700/r01c05f09p01-ch2sk1fk1fl1.jxl
s3://cellpainting-gallery/cpg0037-oasis/axiom/images/prod_25/images/plate_41002700/r02c07f11p01-ch2sk1fk1fl1.tiff	jpegxl-d1-e5/prod_25/images/plate_41002700/r02c07f11p01-ch2sk1fk1fl1.jxl
s3://cellpainting-gallery/cpg0037-oasis/axiom/images/prod_25/images/plate_41002700/r02c07f13p01-ch1sk1fk1fl1.tiff	jpegxl-d1-e5/prod_25/images/plate_41002700/r02c07f13p01-ch1sk1fk1fl1.jxl
s3://cellpainting-gallery/cpg0037-oasis/axiom/images/prod_25/images/plate_41002700/r03c12f08p01-ch1sk1fk1fl1.tiff	jpegxl-d1-e5/prod_25/images/plate_41002700/r03c12f08p01-ch1sk1fk1fl1.jxl
s3://cellpainting-gallery/cpg0037-oasis/axiom/images/prod_25/images/plate_41002700/r03c12f10p01-ch4sk1fk1fl1.tiff	jpegxl-d1-e5/prod_25/images/plate_41002700/r03c12f10p01-ch4sk1fk1fl1.jxl
s3://cellpainting-gallery/cpg0037-oasis/axiom/images/prod_25/images/plate_41002700/r05c09f07p01-ch5sk1fk1fl1.tiff	jpegxl-d1-e5/prod_25/images/plate_41002700/r05c09f07p01-ch5sk1fk1fl1.jxl
s3://cellpainting-gallery/cpg0037-oasis/axiom/images/prod_25/images/plate_41002700/r07c15f05p01-ch6sk1fk1fl1.tiff	jpegxl-d1-e5/prod_25/images/plate_41002700/r07c15f05p01-ch6sk1fk1fl1.jxl
s3://cellpainting-gallery/cpg0037-oasis/axiom/images/prod_25/images/plate_41002700/r07c24f04p01-ch3sk1fk1fl1.tiff	jpegxl-d1-e5/prod_25/images/plate_41002700/r07c24f04p01-ch3sk1fk1fl1.jxl
s3://cellpainting-gallery/cpg0037-oasis/axiom/images/prod_25/images/plate_41002700/r07c24f09p01-ch3sk1fk1fl1.tiff	jpegxl-d1-e5/prod_25/images/plate_41002700/r07c24f09p01-ch3sk1fk1fl1.jxl
s3://cellpainting-gallery/cpg0037-oasis/axiom/images/prod_25/images/plate_41002700/r08c02f08p01-ch4sk1fk1fl1.tiff	jpegxl-d1-e5/prod_25/images/plate_41002700/r08c02f08p01-ch4sk1fk1fl1.jxl
s3://cellpainting-gallery/cpg0037-oasis/axiom/images/prod_25/images/plate_41002700/r09c16f09p01-ch2sk1fk1fl1.tiff	jpegxl-d1-e5/prod_25/images/plate_41002700/r09c16f09p01-ch2sk1fk1fl1.jxl
s3://cellpainting-gallery/cpg0037-oasis/axiom/images/prod_25/images/plate_41002700/r09c24f09p01-ch6sk1fk1fl1.tiff	jpegxl-d1-e5/prod_25/images/plate_41002700/r09c24f09p01-ch6sk1fk1fl1.jxl
s3://cellpainting-gallery/cpg0037-oasis/axiom/images/prod_25/images/plate_41002700/r11c07f07p01-ch2sk1fk1fl1.tiff	jpegxl-d1-e5/prod_25/images/plate_41002700/r11c07f07p01-ch2sk1fk1fl1.jxl
s3://cellpainting-gallery/cpg0037-oasis/axiom/images/prod_25/images/plate_41002700/r11c13f11p01-ch2sk1fk1fl1.tiff	jpegxl-d1-e5/prod_25/images/plate_41002700/r11c13f11p01-ch2sk1fk1fl1.jxl
s3://cellpainting-gallery/cpg0037-oasis/axiom/images/prod_25/images/plate_41002700/r11c15f05p01-ch1sk1fk1fl1.tiff	jpegxl-d1-e5/prod_25/images/plate_41002700/r11c15f05p01-ch1sk1fk1fl1.jxl
s3://cellpainting-gallery/cpg0037-oasis/axiom/images/prod_25/images/plate_41002700/r15c02f09p01-ch5sk1fk1fl1.tiff	jpegxl-d1-e5/prod_25/images/plate_41002700/r15c02f09p01-ch5sk1fk1fl1.jxl
s3://cellpainting-gallery/cpg0037-oasis/axiom/images/prod_25/images/plate_41002700/r15c06f11p01-ch2sk1fk1fl1.tiff	jpegxl-d1-e5/prod_25/images/plate_41002700/r15c06f11p01-ch2sk1fk1fl1.jxl
s3://cellpainting-gallery/cpg0037-oasis/axiom/images/prod_25/images/plate_41002700/r15c12f03p01-ch2sk1fk1fl1.tiff	jpegxl-d1-e5/prod_25/images/plate_41002700/r15c12f03p01-ch2sk1fk1fl1.jxl
s3://cellpainting-gallery/cpg0037-oasis/axiom/images/prod_25/images/plate_41002700/r16c24f01p01-ch4sk1fk1fl1.tiff	jpegxl-d1-e5/prod_25/images/plate_41002700/r16c24f01p01-ch4sk1fk1fl1.jxl
s3://cellpainting-gallery/cpg0037-oasis/axiom/images/prod_25/images/plate_41002701/r01c02f09p01-ch6sk1fk1fl1.tiff	jpegxl-d1-e5/prod_25/images/plate_41002701/r01c02f09p01-ch6sk1fk1fl1.jxl
s3://cellpainting-gallery/cpg0037-oasis/axiom/images/prod_25/images/plate_41002701/r01c03f10p01-ch2sk1fk1fl1.tiff	jpegxl-d1-e5/prod_25/images/plate_41002701/r01c03f10p01-ch2sk1fk1fl1.jxl
s3://cellpainting-gallery/cpg0037-oasis/axiom/images/prod_25/images/plate_41002701/r02c22f08p01-ch6sk1fk1fl1.tiff	jpegxl-d1-e5/prod_25/images/plate_41002701/r02c22f08p01-ch6sk1fk1fl1.jxl
s3://cellpainting-gallery/cpg0037-oasis/axiom/images/prod_25/images/plate_41002701/r02c22f14p01-ch4sk1fk1fl1.tiff	jpegxl-d1-e5/prod_25/images/plate_41002701/r02c22f14p01-ch4sk1fk1fl1.jxl
s3://cellpainting-gallery/cpg0037-oasis/axiom/images/prod_25/images/plate_41002701/r03c14f05p01-ch3sk1fk1fl1.tiff	jpegxl-d1-e5/prod_25/images/plate_41002701/r03c14f05p01-ch3sk1fk1fl1.jxl
s3://cellpainting-gallery/cpg0037-oasis/axiom/images/prod_25/images/plate_41002701/r07c08f11p01-ch6sk1fk1fl1.tiff	jpegxl-d1-e5/prod_25/images/plate_41002701/r07c08f11p01-ch6sk1fk1fl1.jxl
s3://cellpainting-gallery/cpg0037-oasis/axiom/images/prod_25/images/plate_41002701/r09c18f03p01-ch3sk1fk1fl1.tiff	jpegxl-d1-e5/prod_25/images/plate_41002701/r09c18f03p01-ch3sk1fk1fl1.jxl
s3://cellpainting-gallery/cpg0037-oasis/axiom/images/prod_25/images/plate_41002701/r09c23f15p01-ch1sk1fk1fl1.tiff	jpegxl-d1-e5/prod_25/images/plate_41002701/r09c23f15p01-ch1sk1fk1fl1.jxl
s3://cellpainting-gallery/cpg0037-oasis/axiom/images/prod_25/images/plate_41002701/r11c06f11p01-ch4sk1fk1fl1.tiff	jpegxl-d1-e5/prod_25/images/plate_41002701/r11c06f11p01-ch4sk1fk1fl1.jxl
s3://cellpainting-gallery/cpg0037-oasis/axiom/images/prod_25/images/plate_41002701/r13c17f03p01-ch6sk1fk1fl1.tiff	jpegxl-d1-e5/prod_25/images/plate_41002701/r13c17f03p01-ch6sk1fk1fl1.jxl
s3://cellpainting-gallery/cpg0037-oasis/axiom/images/prod_25/images/plate_41002701/r14c01f13p01-ch3sk1fk1fl1.tiff	jpegxl-d1-e5/prod_25/images/plate_41002701/r14c01f13p01-ch3sk1fk1fl1.jxl
s3://cellpainting-gallery/cpg0037-oasis/axiom/images/prod_25/images/plate_41002701/r15c10f04p01-ch3sk1fk1fl1.tiff	jpegxl-d1-e5/prod_25/images/plate_41002701/r15c10f04p01-ch3sk1fk1fl1.jxl
s3://cellpainting-gallery/cpg0037-oasis/axiom/images/prod_25/images/plate_41002701/r15c16f13p01-ch5sk1fk1fl1.tiff	jpegxl-d1-e5/prod_25/images/plate_41002701/r15c16f13p01-ch5sk1fk1fl1.jxl
s3://cellpainting-gallery/cpg0037-oasis/axiom/images/prod_25/images/plate_41002701/r15c18f12p01-ch6sk1fk1fl1.tiff	jpegxl-d1-e5/prod_25/images/plate_41002701/r15c18f12p01-ch6sk1fk1fl1.jxl
s3://cellpainting-gallery/cpg0037-oasis/axiom/images/prod_25/images/plate_41002702/r01c06f07p01-ch3sk1fk1fl1.tiff	jpegxl-d1-e5/prod_25/images/plate_41002702/r01c06f07p01-ch3sk1fk1fl1.jxl
s3://cellpainting-gallery/cpg0037-oasis/axiom/images/prod_25/images/plate_41002702/r02c16f11p01-ch6sk1fk1fl1.tiff	jpegxl-d1-e5/prod_25/images/plate_41002702/r02c16f11p01-ch6sk1fk1fl1.jxl
s3://cellpainting-gallery/cpg0037-oasis/axiom/images/prod_25/images/plate_41002702/r02c16f13p01-ch5sk1fk1fl1.tiff	jpegxl-d1-e5/prod_25/images/plate_41002702/r02c16f13p01-ch5sk1fk1fl1.jxl
s3://cellpainting-gallery/cpg0037-oasis/axiom/images/prod_25/images/plate_41002702/r03c08f13p01-ch6sk1fk1fl1.tiff	jpegxl-d1-e5/prod_25/images/plate_41002702/r03c08f13p01-ch6sk1fk1fl1.jxl
s3://cellpainting-gallery/cpg0037-oasis/axiom/images/prod_25/images/plate_41002702/r03c16f14p01-ch1sk1fk1fl1.tiff	jpegxl-d1-e5/prod_25/images/plate_41002702/r03c16f14p01-ch1sk1fk1fl1.jxl
s3://cellpainting-gallery/cpg0037-oasis/axiom/images/prod_25/images/plate_41002702/r04c23f07p01-ch2sk1fk1fl1.tiff	jpegxl-d1-e5/prod_25/images/plate_41002702/r04c23f07p01-ch2sk1fk1fl1.jxl
s3://cellpainting-gallery/cpg0037-oasis/axiom/images/prod_25/images/plate_41002702/r07c18f13p01-ch3sk1fk1fl1.tiff	jpegxl-d1-e5/prod_25/images/plate_41002702/r07c18f13p01-ch3sk1fk1fl1.jxl
s3://cellpainting-gallery/cpg0037-oasis/axiom/images/prod_25/images/plate_41002702/r07c23f10p01-ch5sk1fk1fl1.tiff	jpegxl-d1-e5/prod_25/images/plate_41002702/r07c23f10p01-ch5sk1fk1fl1.jxl
s3://cellpainting-gallery/cpg0037-oasis/axiom/images/prod_25/images/plate_41002702/r08c06f09p01-ch3sk1fk1fl1.tiff	jpegxl-d1-e5/prod_25/images/plate_41002702/r08c06f09p01-ch3sk1fk1fl1.jxl
s3://cellpainting-gallery/cpg0037-oasis/axiom/images/prod_25/images/plate_41002702/r08c13f04p01-ch3sk1fk1fl1.tiff	jpegxl-d1-e5/prod_25/images/plate_41002702/r08c13f04p01-ch3sk1fk1fl1.jxl
s3://cellpainting-gallery/cpg0037-oasis/axiom/images/prod_25/images/plate_41002702/r08c19f08p01-ch1sk1fk1fl1.tiff	jpegxl-d1-e5/prod_25/images/plate_41002702/r08c19f08p01-ch1sk1fk1fl1.jxl
s3://cellpainting-gallery/cpg0037-oasis/axiom/images/prod_25/images/plate_41002702/r09c07f05p01-ch4sk1fk1fl1.tiff	jpegxl-d1-e5/prod_25/images/plate_41002702/r09c07f05p01-ch4sk1fk1fl1.jxl
s3://cellpainting-gallery/cpg0037-oasis/axiom/images/prod_25/images/plate_41002702/r10c05f13p01-ch5sk1fk1fl1.tiff	jpegxl-d1-e5/prod_25/images/plate_41002702/r10c05f13p01-ch5sk1fk1fl1.jxl
s3://cellpainting-gallery/cpg0037-oasis/axiom/images/prod_25/images/plate_41002702/r12c01f03p01-ch2sk1fk1fl1.tiff	jpegxl-d1-e5/prod_25/images/plate_41002702/r12c01f03p01-ch2sk1fk1fl1.jxl
s3://cellpainting-gallery/cpg0037-oasis/axiom/images/prod_25/images/plate_41002702/r12c08f14p01-ch1sk1fk1fl1.tiff	jpegxl-d1-e5/prod_25/images/plate_41002702/r12c08f14p01-ch1sk1fk1fl1.jxl
s3://cellpainting-gallery/cpg0037-oasis/axiom/images/prod_25/images/plate_41002702/r13c22f04p01-ch2sk1fk1fl1.tiff	jpegxl-d1-e5/prod_25/images/plate_41002702/r13c22f04p01-ch2sk1fk1fl1.jxl
s3://cellpainting-gallery/cpg0037-oasis/axiom/images/prod_25/images/plate_41002702/r15c20f11p01-ch5sk1fk1fl1.tiff	jpegxl-d1-e5/prod_25/images/plate_41002702/r15c20f11p01-ch5sk1fk1fl1.jxl
s3://cellpainting-gallery/cpg0037-oasis/axiom/images/prod_25/images/plate_41002703/r01c10f07p01-ch1sk1fk1fl1.tiff	jpegxl-d1-e5/prod_25/images/plate_41002703/r01c10f07p01-ch1sk1fk1fl1.jxl
s3://cellpainting-gallery/cpg0037-oasis/axiom/images/prod_25/images/plate_41002703/r01c16f10p01-ch5sk1fk1fl1.tiff	jpegxl-d1-e5/prod_25/images/plate_41002703/r01c16f10p01-ch5sk1fk1fl1.jxl
s3://cellpainting-gallery/cpg0037-oasis/axiom/images/prod_25/images/plate_41002703/r04c08f07p01-ch2sk1fk1fl1.tiff	jpegxl-d1-e5/prod_25/images/plate_41002703/r04c08f07p01-ch2sk1fk1fl1.jxl
s3://cellpainting-gallery/cpg0037-oasis/axiom/images/prod_25/images/plate_41002703/r06c01f06p01-ch6sk1fk1fl1.tiff	jpegxl-d1-e5/prod_25/images/plate_41002703/r06c01f06p01-ch6sk1fk1fl1.jxl
s3://cellpainting-gallery/cpg0037-oasis/axiom/images/prod_25/images/plate_41002703/r06c16f13p01-ch4sk1fk1fl1.tiff	jpegxl-d1-e5/prod_25/images/plate_41002703/r06c16f13p01-ch4sk1fk1fl1.jxl
s3://cellpainting-gallery/cpg0037-oasis/axiom/images/prod_25/images/plate_41002703/r07c15f03p01-ch3sk1fk1fl1.tiff	jpegxl-d1-e5/prod_25/images/plate_41002703/r07c15f03p01-ch3sk1fk1fl1.jxl
s3://cellpainting-gallery/cpg0037-oasis/axiom/images/prod_25/images/plate_41002703/r09c05f01p01-ch4sk1fk1fl1.tiff	jpegxl-d1-e5/prod_25/images/plate_41002703/r09c05f01p01-ch4sk1fk1fl1.jxl
s3://cellpainting-gallery/cpg0037-oasis/axiom/images/prod_25/images/plate_41002703/r09c19f13p01-ch5sk1fk1fl1.tiff	jpegxl-d1-e5/prod_25/images/plate_41002703/r09c19f13p01-ch5sk1fk1fl1.jxl
s3://cellpainting-gallery/cpg0037-oasis/axiom/images/prod_25/images/plate_41002703/r09c23f02p01-ch5sk1fk1fl1.tiff	jpegxl-d1-e5/prod_25/images/plate_41002703/r09c23f02p01-ch5sk1fk1fl1.jxl
s3://cellpainting-gallery/cpg0037-oasis/axiom/images/prod_25/images/plate_41002703/r10c09f09p01-ch6sk1fk1fl1.tiff	jpegxl-d1-e5/prod_25/images/plate_41002703/r10c09f09p01-ch6sk1fk1fl1.jxl
s3://cellpainting-gallery/cpg0037-oasis/axiom/images/prod_25/images/plate_41002703/r11c12f09p01-ch2sk1fk1fl1.tiff	jpegxl-d1-e5/prod_25/images/plate_41002703/r11c12f09p01-ch2sk1fk1fl1.jxl
s3://cellpainting-gallery/cpg0037-oasis/axiom/images/prod_25/images/plate_41002703/r13c10f13p01-ch1sk1fk1fl1.tiff	jpegxl-d1-e5/prod_25/images/plate_41002703/r13c10f13p01-ch1sk1fk1fl1.jxl
s3://cellpainting-gallery/cpg0037-oasis/axiom/images/prod_25/images/plate_41002703/r14c02f13p01-ch6sk1fk1fl1.tiff	jpegxl-d1-e5/prod_25/images/plate_41002703/r14c02f13p01-ch6sk1fk1fl1.jxl
s3://cellpainting-gallery/cpg0037-oasis/axiom/images/prod_25/images/plate_41002703/r15c03f15p01-ch1sk1fk1fl1.tiff	jpegxl-d1-e5/prod_25/images/plate_41002703/r15c03f15p01-ch1sk1fk1fl1.jxl
s3://cellpainting-gallery/cpg0037-oasis/axiom/images/prod_25/images/plate_41002703/r15c11f07p01-ch6sk1fk1fl1.tiff	jpegxl-d1-e5/prod_25/images/plate_41002703/r15c11f07p01-ch6sk1fk1fl1.jxl
s3://cellpainting-gallery/cpg0037-oasis/axiom/images/prod_26/images/plate_41002875/r01c07f13p01-ch1sk1fk1fl1.tiff	jpegxl-d1-e5/prod_26/images/plate_41002875/r01c07f13p01-ch1sk1fk1fl1.jxl
s3://cellpainting-gallery/cpg0037-oasis/axiom/images/prod_26/images/plate_41002875/r01c22f06p01-ch4sk1fk1fl1.tiff	jpegxl-d1-e5/prod_26/images/plate_41002875/r01c22f06p01-ch4sk1fk1fl1.jxl
s3://cellpainting-gallery/cpg0037-oasis/axiom/images/prod_26/images/plate_41002875/r03c06f14p01-ch6sk1fk1fl1.tiff	jpegxl-d1-e5/prod_26/images/plate_41002875/r03c06f14p01-ch6sk1fk1fl1.jxl
s3://cellpainting-gallery/cpg0037-oasis/axiom/images/prod_26/images/plate_41002875/r04c20f09p01-ch2sk1fk1fl1.tiff	jpegxl-d1-e5/prod_26/images/plate_41002875/r04c20f09p01-ch2sk1fk1fl1.jxl
s3://cellpainting-gallery/cpg0037-oasis/axiom/images/prod_26/images/plate_41002875/r04c22f07p01-ch2sk1fk1fl1.tiff	jpegxl-d1-e5/prod_26/images/plate_41002875/r04c22f07p01-ch2sk1fk1fl1.jxl
s3://cellpainting-gallery/cpg0037-oasis/axiom/images/prod_26/images/plate_41002875/r05c24f09p01-ch4sk1fk1fl1.tiff	jpegxl-d1-e5/prod_26/images/plate_41002875/r05c24f09p01-ch4sk1fk1fl1.jxl
s3://cellpainting-gallery/cpg0037-oasis/axiom/images/prod_26/images/plate_41002875/r06c03f03p01-ch1sk1fk1fl1.tiff	jpegxl-d1-e5/prod_26/images/plate_41002875/r06c03f03p01-ch1sk1fk1fl1.jxl
s3://cellpainting-gallery/cpg0037-oasis/axiom/images/prod_26/images/plate_41002875/r06c15f05p01-ch2sk1fk1fl1.tiff	jpegxl-d1-e5/prod_26/images/plate_41002875/r06c15f05p01-ch2sk1fk1fl1.jxl
s3://cellpainting-gallery/cpg0037-oasis/axiom/images/prod_26/images/plate_41002875/r07c12f02p01-ch3sk1fk1fl1.tiff	jpegxl-d1-e5/prod_26/images/plate_41002875/r07c12f02p01-ch3sk1fk1fl1.jxl
s3://cellpainting-gallery/cpg0037-oasis/axiom/images/prod_26/images/plate_41002875/r09c16f06p01-ch5sk1fk1fl1.tiff	jpegxl-d1-e5/prod_26/images/plate_41002875/r09c16f06p01-ch5sk1fk1fl1.jxl
s3://cellpainting-gallery/cpg0037-oasis/axiom/images/prod_26/images/plate_41002875/r09c17f03p01-ch4sk1fk1fl1.tiff	jpegxl-d1-e5/prod_26/images/plate_41002875/r09c17f03p01-ch4sk1fk1fl1.jxl
s3://cellpainting-gallery/cpg0037-oasis/axiom/images/prod_26/images/plate_41002875/r09c23f03p01-ch2sk1fk1fl1.tiff	jpegxl-d1-e5/prod_26/images/plate_41002875/r09c23f03p01-ch2sk1fk1fl1.jxl
s3://cellpainting-gallery/cpg0037-oasis/axiom/images/prod_26/images/plate_41002875/r10c07f08p01-ch5sk1fk1fl1.tiff	jpegxl-d1-e5/prod_26/images/plate_41002875/r10c07f08p01-ch5sk1fk1fl1.jxl
s3://cellpainting-gallery/cpg0037-oasis/axiom/images/prod_26/images/plate_41002875/r10c14f02p01-ch5sk1fk1fl1.tiff	jpegxl-d1-e5/prod_26/images/plate_41002875/r10c14f02p01-ch5sk1fk1fl1.jxl
s3://cellpainting-gallery/cpg0037-oasis/axiom/images/prod_26/images/plate_41002875/r11c07f14p01-ch5sk1fk1fl1.tiff	jpegxl-d1-e5/prod_26/images/plate_41002875/r11c07f14p01-ch5sk1fk1fl1.jxl
s3://cellpainting-gallery/cpg0037-oasis/axiom/images/prod_26/images/plate_41002875/r11c24f07p01-ch1sk1fk1fl1.tiff	jpegxl-d1-e5/prod_26/images/plate_41002875/r11c24f07p01-ch1sk1fk1fl1.jxl
s3://cellpainting-gallery/cpg0037-oasis/axiom/images/prod_26/images/plate_41002875/r12c01f06p01-ch5sk1fk1fl1.tiff	jpegxl-d1-e5/prod_26/images/plate_41002875/r12c01f06p01-ch5sk1fk1fl1.jxl
s3://cellpainting-gallery/cpg0037-oasis/axiom/images/prod_26/images/plate_41002875/r12c14f08p01-ch6sk1fk1fl1.tiff	jpegxl-d1-e5/prod_26/images/plate_41002875/r12c14f08p01-ch6sk1fk1fl1.jxl
s3://cellpainting-gallery/cpg0037-oasis/axiom/images/prod_26/images/plate_41002875/r13c04f09p01-ch6sk1fk1fl1.tiff	jpegxl-d1-e5/prod_26/images/plate_41002875/r13c04f09p01-ch6sk1fk1fl1.jxl
s3://cellpainting-gallery/cpg0037-oasis/axiom/images/prod_26/images/plate_41002876/r02c02f02p01-ch6sk1fk1fl1.tiff	jpegxl-d1-e5/prod_26/images/plate_41002876/r02c02f02p01-ch6sk1fk1fl1.jxl
s3://cellpainting-gallery/cpg0037-oasis/axiom/images/prod_26/images/plate_41002876/r02c08f15p01-ch3sk1fk1fl1.tiff	jpegxl-d1-e5/prod_26/images/plate_41002876/r02c08f15p01-ch3sk1fk1fl1.jxl
s3://cellpainting-gallery/cpg0037-oasis/axiom/images/prod_26/images/plate_41002876/r03c01f06p01-ch3sk1fk1fl1.tiff	jpegxl-d1-e5/prod_26/images/plate_41002876/r03c01f06p01-ch3sk1fk1fl1.jxl
s3://cellpainting-gallery/cpg0037-oasis/axiom/images/prod_26/images/plate_41002876/r04c17f05p01-ch6sk1fk1fl1.tiff	jpegxl-d1-e5/prod_26/images/plate_41002876/r04c17f05p01-ch6sk1fk1fl1.jxl
s3://cellpainting-gallery/cpg0037-oasis/axiom/images/prod_26/images/plate_41002876/r07c11f14p01-ch3sk1fk1fl1.tiff	jpegxl-d1-e5/prod_26/images/plate_41002876/r07c11f14p01-ch3sk1fk1fl1.jxl
s3://cellpainting-gallery/cpg0037-oasis/axiom/images/prod_26/images/plate_41002876/r09c03f06p01-ch3sk1fk1fl1.tiff	jpegxl-d1-e5/prod_26/images/plate_41002876/r09c03f06p01-ch3sk1fk1fl1.jxl
s3://cellpainting-gallery/cpg0037-oasis/axiom/images/prod_26/images/plate_41002876/r10c18f07p01-ch3sk1fk1fl1.tiff	jpegxl-d1-e5/prod_26/images/plate_41002876/r10c18f07p01-ch3sk1fk1fl1.jxl
s3://cellpainting-gallery/cpg0037-oasis/axiom/images/prod_26/images/plate_41002876/r11c09f07p01-ch4sk1fk1fl1.tiff	jpegxl-d1-e5/prod_26/images/plate_41002876/r11c09f07p01-ch4sk1fk1fl1.jxl
s3://cellpainting-gallery/cpg0037-oasis/axiom/images/prod_26/images/plate_41002876/r11c14f07p01-ch6sk1fk1fl1.tiff	jpegxl-d1-e5/prod_26/images/plate_41002876/r11c14f07p01-ch6sk1fk1fl1.jxl
s3://cellpainting-gallery/cpg0037-oasis/axiom/images/prod_26/images/plate_41002876/r12c06f02p01-ch3sk1fk1fl1.tiff	jpegxl-d1-e5/prod_26/images/plate_41002876/r12c06f02p01-ch3sk1fk1fl1.jxl
s3://cellpainting-gallery/cpg0037-oasis/axiom/images/prod_26/images/plate_41002876/r12c20f03p01-ch4sk1fk1fl1.tiff	jpegxl-d1-e5/prod_26/images/plate_41002876/r12c20f03p01-ch4sk1fk1fl1.jxl
s3://cellpainting-gallery/cpg0037-oasis/axiom/images/prod_26/images/plate_41002876/r13c05f02p01-ch6sk1fk1fl1.tiff	jpegxl-d1-e5/prod_26/images/plate_41002876/r13c05f02p01-ch6sk1fk1fl1.jxl
s3://cellpainting-gallery/cpg0037-oasis/axiom/images/prod_26/images/plate_41002876/r13c09f04p01-ch6sk1fk1fl1.tiff	jpegxl-d1-e5/prod_26/images/plate_41002876/r13c09f04p01-ch6sk1fk1fl1.jxl
s3://cellpainting-gallery/cpg0037-oasis/axiom/images/prod_26/images/plate_41002876/r13c24f11p01-ch2sk1fk1fl1.tiff	jpegxl-d1-e5/prod_26/images/plate_41002876/r13c24f11p01-ch2sk1fk1fl1.jxl
s3://cellpainting-gallery/cpg0037-oasis/axiom/images/prod_26/images/plate_41002876/r15c24f11p01-ch3sk1fk1fl1.tiff	jpegxl-d1-e5/prod_26/images/plate_41002876/r15c24f11p01-ch3sk1fk1fl1.jxl
s3://cellpainting-gallery/cpg0037-oasis/axiom/images/prod_26/images/plate_41002876/r16c06f10p01-ch2sk1fk1fl1.tiff	jpegxl-d1-e5/prod_26/images/plate_41002876/r16c06f10p01-ch2sk1fk1fl1.jxl
s3://cellpainting-gallery/cpg0037-oasis/axiom/images/prod_26/images/plate_41002877/r01c04f05p01-ch3sk1fk1fl1.tiff	jpegxl-d1-e5/prod_26/images/plate_41002877/r01c04f05p01-ch3sk1fk1fl1.jxl
s3://cellpainting-gallery/cpg0037-oasis/axiom/images/prod_26/images/plate_41002877/r01c13f03p01-ch6sk1fk1fl1.tiff	jpegxl-d1-e5/prod_26/images/plate_41002877/r01c13f03p01-ch6sk1fk1fl1.jxl
s3://cellpainting-gallery/cpg0037-oasis/axiom/images/prod_26/images/plate_41002877/r02c07f08p01-ch5sk1fk1fl1.tiff	jpegxl-d1-e5/prod_26/images/plate_41002877/r02c07f08p01-ch5sk1fk1fl1.jxl
s3://cellpainting-gallery/cpg0037-oasis/axiom/images/prod_26/images/plate_41002877/r02c08f06p01-ch6sk1fk1fl1.tiff	jpegxl-d1-e5/prod_26/images/plate_41002877/r02c08f06p01-ch6sk1fk1fl1.jxl
s3://cellpainting-gallery/cpg0037-oasis/axiom/images/prod_26/images/plate_41002877/r05c08f08p01-ch2sk1fk1fl1.tiff	jpegxl-d1-e5/prod_26/images/plate_41002877/r05c08f08p01-ch2sk1fk1fl1.jxl
s3://cellpainting-gallery/cpg0037-oasis/axiom/images/prod_26/images/plate_41002877/r05c18f10p01-ch1sk1fk1fl1.tiff	jpegxl-d1-e5/prod_26/images/plate_41002877/r05c18f10p01-ch1sk1fk1fl1.jxl
s3://cellpainting-gallery/cpg0037-oasis/axiom/images/prod_26/images/plate_41002877/r06c17f10p01-ch6sk1fk1fl1.tiff	jpegxl-d1-e5/prod_26/images/plate_41002877/r06c17f10p01-ch6sk1fk1fl1.jxl
s3://cellpainting-gallery/cpg0037-oasis/axiom/images/prod_26/images/plate_41002877/r07c20f08p01-ch2sk1fk1fl1.tiff	jpegxl-d1-e5/prod_26/images/plate_41002877/r07c20f08p01-ch2sk1fk1fl1.jxl
s3://cellpainting-gallery/cpg0037-oasis/axiom/images/prod_26/images/plate_41002877/r08c14f11p01-ch2sk1fk1fl1.tiff	jpegxl-d1-e5/prod_26/images/plate_41002877/r08c14f11p01-ch2sk1fk1fl1.jxl
s3://cellpainting-gallery/cpg0037-oasis/axiom/images/prod_26/images/plate_41002877/r08c16f07p01-ch1sk1fk1fl1.tiff	jpegxl-d1-e5/prod_26/images/plate_41002877/r08c16f07p01-ch1sk1fk1fl1.jxl
s3://cellpainting-gallery/cpg0037-oasis/axiom/images/prod_26/images/plate_41002877/r09c03f08p01-ch6sk1fk1fl1.tiff	jpegxl-d1-e5/prod_26/images/plate_41002877/r09c03f08p01-ch6sk1fk1fl1.jxl
s3://cellpainting-gallery/cpg0037-oasis/axiom/images/prod_26/images/plate_41002877/r10c06f06p01-ch4sk1fk1fl1.tiff	jpegxl-d1-e5/prod_26/images/plate_41002877/r10c06f06p01-ch4sk1fk1fl1.jxl
s3://cellpainting-gallery/cpg0037-oasis/axiom/images/prod_26/images/plate_41002877/r10c13f02p01-ch5sk1fk1fl1.tiff	jpegxl-d1-e5/prod_26/images/plate_41002877/r10c13f02p01-ch5sk1fk1fl1.jxl
s3://cellpainting-gallery/cpg0037-oasis/axiom/images/prod_26/images/plate_41002877/r10c18f05p01-ch1sk1fk1fl1.tiff	jpegxl-d1-e5/prod_26/images/plate_41002877/r10c18f05p01-ch1sk1fk1fl1.jxl
s3://cellpainting-gallery/cpg0037-oasis/axiom/images/prod_26/images/plate_41002877/r11c11f12p01-ch3sk1fk1fl1.tiff	jpegxl-d1-e5/prod_26/images/plate_41002877/r11c11f12p01-ch3sk1fk1fl1.jxl
s3://cellpainting-gallery/cpg0037-oasis/axiom/images/prod_26/images/plate_41002877/r13c06f01p01-ch1sk1fk1fl1.tiff	jpegxl-d1-e5/prod_26/images/plate_41002877/r13c06f01p01-ch1sk1fk1fl1.jxl
s3://cellpainting-gallery/cpg0037-oasis/axiom/images/prod_26/images/plate_41002877/r13c11f01p01-ch4sk1fk1fl1.tiff	jpegxl-d1-e5/prod_26/images/plate_41002877/r13c11f01p01-ch4sk1fk1fl1.jxl
s3://cellpainting-gallery/cpg0037-oasis/axiom/images/prod_26/images/plate_41002877/r13c12f15p01-ch2sk1fk1fl1.tiff	jpegxl-d1-e5/prod_26/images/plate_41002877/r13c12f15p01-ch2sk1fk1fl1.jxl
s3://cellpainting-gallery/cpg0037-oasis/axiom/images/prod_26/images/plate_41002877/r13c15f06p01-ch3sk1fk1fl1.tiff	jpegxl-d1-e5/prod_26/images/plate_41002877/r13c15f06p01-ch3sk1fk1fl1.jxl
s3://cellpainting-gallery/cpg0037-oasis/axiom/images/prod_26/images/plate_41002877/r14c12f07p01-ch5sk1fk1fl1.tiff	jpegxl-d1-e5/prod_26/images/plate_41002877/r14c12f07p01-ch5sk1fk1fl1.jxl
s3://cellpainting-gallery/cpg0037-oasis/axiom/images/prod_26/images/plate_41002877/r14c15f02p01-ch2sk1fk1fl1.tiff	jpegxl-d1-e5/prod_26/images/plate_41002877/r14c15f02p01-ch2sk1fk1fl1.jxl
s3://cellpainting-gallery/cpg0037-oasis/axiom/images/prod_26/images/plate_41002877/r14c19f03p01-ch2sk1fk1fl1.tiff	jpegxl-d1-e5/prod_26/images/plate_41002877/r14c19f03p01-ch2sk1fk1fl1.jxl
s3://cellpainting-gallery/cpg0037-oasis/axiom/images/prod_26/images/plate_41002877/r14c23f05p01-ch2sk1fk1fl1.tiff	jpegxl-d1-e5/prod_26/images/plate_41002877/r14c23f05p01-ch2sk1fk1fl1.jxl
s3://cellpainting-gallery/cpg0037-oasis/axiom/images/prod_26/images/plate_41002877/r14c23f12p01-ch3sk1fk1fl1.tiff	jpegxl-d1-e5/prod_26/images/plate_41002877/r14c23f12p01-ch3sk1fk1fl1.jxl
s3://cellpainting-gallery/cpg0037-oasis/axiom/images/prod_26/images/plate_41002878/r01c18f15p01-ch1sk1fk1fl1.tiff	jpegxl-d1-e5/prod_26/images/plate_41002878/r01c18f15p01-ch1sk1fk1fl1.jxl
s3://cellpainting-gallery/cpg0037-oasis/axiom/images/prod_26/images/plate_41002878/r02c04f03p01-ch5sk1fk1fl1.tiff	jpegxl-d1-e5/prod_26/images/plate_41002878/r02c04f03p01-ch5sk1fk1fl1.jxl
s3://cellpainting-gallery/cpg0037-oasis/axiom/images/prod_26/images/plate_41002878/r02c10f04p01-ch5sk1fk1fl1.tiff	jpegxl-d1-e5/prod_26/images/plate_41002878/r02c10f04p01-ch5sk1fk1fl1.jxl
s3://cellpainting-gallery/cpg0037-oasis/axiom/images/prod_26/images/plate_41002878/r03c05f11p01-ch2sk1fk1fl1.tiff	jpegxl-d1-e5/prod_26/images/plate_41002878/r03c05f11p01-ch2sk1fk1fl1.jxl
s3://cellpainting-gallery/cpg0037-oasis/axiom/images/prod_26/images/plate_41002878/r06c18f13p01-ch6sk1fk1fl1.tiff	jpegxl-d1-e5/prod_26/images/plate_41002878/r06c18f13p01-ch6sk1fk1fl1.jxl
s3://cellpainting-gallery/cpg0037-oasis/axiom/images/prod_26/images/plate_41002878/r07c18f03p01-ch2sk1fk1fl1.tiff	jpegxl-d1-e5/prod_26/images/plate_41002878/r07c18f03p01-ch2sk1fk1fl1.jxl
s3://cellpainting-gallery/cpg0037-oasis/axiom/images/prod_26/images/plate_41002878/r08c10f12p01-ch5sk1fk1fl1.tiff	jpegxl-d1-e5/prod_26/images/plate_41002878/r08c10f12p01-ch5sk1fk1fl1.jxl
s3://cellpainting-gallery/cpg0037-oasis/axiom/images/prod_26/images/plate_41002878/r08c19f04p01-ch2sk1fk1fl1.tiff	jpegxl-d1-e5/prod_26/images/plate_41002878/r08c19f04p01-ch2sk1fk1fl1.jxl
s3://cellpainting-gallery/cpg0037-oasis/axiom/images/prod_26/images/plate_41002878/r08c20f01p01-ch1sk1fk1fl1.tiff	jpegxl-d1-e5/prod_26/images/plate_41002878/r08c20f01p01-ch1sk1fk1fl1.jxl
s3://cellpainting-gallery/cpg0037-oasis/axiom/images/prod_26/images/plate_41002878/r09c23f08p01-ch4sk1fk1fl1.tiff	jpegxl-d1-e5/prod_26/images/plate_41002878/r09c23f08p01-ch4sk1fk1fl1.jxl
s3://cellpainting-gallery/cpg0037-oasis/axiom/images/prod_26/images/plate_41002878/r10c10f09p01-ch4sk1fk1fl1.tiff	jpegxl-d1-e5/prod_26/images/plate_41002878/r10c10f09p01-ch4sk1fk1fl1.jxl
s3://cellpainting-gallery/cpg0037-oasis/axiom/images/prod_26/images/plate_41002878/r11c24f07p01-ch2sk1fk1fl1.tiff	jpegxl-d1-e5/prod_26/images/plate_41002878/r11c24f07p01-ch2sk1fk1fl1.jxl
s3://cellpainting-gallery/cpg0037-oasis/axiom/images/prod_26/images/plate_41002878/r12c24f07p01-ch2sk1fk1fl1.tiff	jpegxl-d1-e5/prod_26/images/plate_41002878/r12c24f07p01-ch2sk1fk1fl1.jxl
s3://cellpainting-gallery/cpg0037-oasis/axiom/images/prod_26/images/plate_41002878/r13c05f13p01-ch4sk1fk1fl1.tiff	jpegxl-d1-e5/prod_26/images/plate_41002878/r13c05f13p01-ch4sk1fk1fl1.jxl
s3://cellpainting-gallery/cpg0037-oasis/axiom/images/prod_26/images/plate_41002878/r13c13f02p01-ch3sk1fk1fl1.tiff	jpegxl-d1-e5/prod_26/images/plate_41002878/r13c13f02p01-ch3sk1fk1fl1.jxl
s3://cellpainting-gallery/cpg0037-oasis/axiom/images/prod_26/images/plate_41002878/r13c18f08p01-ch2sk1fk1fl1.tiff	jpegxl-d1-e5/prod_26/images/plate_41002878/r13c18f08p01-ch2sk1fk1fl1.jxl
s3://cellpainting-gallery/cpg0037-oasis/axiom/images/prod_26/images/plate_41002878/r14c01f07p01-ch6sk1fk1fl1.tiff	jpegxl-d1-e5/prod_26/images/plate_41002878/r14c01f07p01-ch6sk1fk1fl1.jxl
s3://cellpainting-gallery/cpg0037-oasis/axiom/images/prod_26/images/plate_41002878/r15c08f06p01-ch6sk1fk1fl1.tiff	jpegxl-d1-e5/prod_26/images/plate_41002878/r15c08f06p01-ch6sk1fk1fl1.jxl
s3://cellpainting-gallery/cpg0037-oasis/axiom/images/prod_26/images/plate_41002879/r02c14f12p01-ch2sk1fk1fl1.tiff	jpegxl-d1-e5/prod_26/images/plate_41002879/r02c14f12p01-ch2sk1fk1fl1.jxl
s3://cellpainting-gallery/cpg0037-oasis/axiom/images/prod_26/images/plate_41002879/r02c24f07p01-ch4sk1fk1fl1.tiff	jpegxl-d1-e5/prod_26/images/plate_41002879/r02c24f07p01-ch4sk1fk1fl1.jxl
s3://cellpainting-gallery/cpg0037-oasis/axiom/images/prod_26/images/plate_41002879/r03c22f14p01-ch1sk1fk1fl1.tiff	jpegxl-d1-e5/prod_26/images/plate_41002879/r03c22f14p01-ch1sk1fk1fl1.jxl
s3://cellpainting-gallery/cpg0037-oasis/axiom/images/prod_26/images/plate_41002879/r03c23f14p01-ch6sk1fk1fl1.tiff	jpegxl-d1-e5/prod_26/images/plate_41002879/r03c23f14p01-ch6sk1fk1fl1.jxl
s3://cellpainting-gallery/cpg0037-oasis/axiom/images/prod_26/images/plate_41002879/r06c09f09p01-ch1sk1fk1fl1.tiff	jpegxl-d1-e5/prod_26/images/plate_41002879/r06c09f09p01-ch1sk1fk1fl1.jxl
s3://cellpainting-gallery/cpg0037-oasis/axiom/images/prod_26/images/plate_41002879/r06c10f14p01-ch3sk1fk1fl1.tiff	jpegxl-d1-e5/prod_26/images/plate_41002879/r06c10f14p01-ch3sk1fk1fl1.jxl
s3://cellpainting-gallery/cpg0037-oasis/axiom/images/prod_26/images/plate_41002879/r06c20f08p01-ch4sk1fk1fl1.tiff	jpegxl-d1-e5/prod_26/images/plate_41002879/r06c20f08p01-ch4sk1fk1fl1.jxl
s3://cellpainting-gallery/cpg0037-oasis/axiom/images/prod_26/images/plate_41002879/r06c23f08p01-ch6sk1fk1fl1.tiff	jpegxl-d1-e5/prod_26/images/plate_41002879/r06c23f08p01-ch6sk1fk1fl1.jxl
s3://cellpainting-gallery/cpg0037-oasis/axiom/images/prod_26/images/plate_41002879/r07c15f12p01-ch6sk1fk1fl1.tiff	jpegxl-d1-e5/prod_26/images/plate_41002879/r07c15f12p01-ch6sk1fk1fl1.jxl
s3://cellpainting-gallery/cpg0037-oasis/axiom/images/prod_26/images/plate_41002879/r08c06f06p01-ch1sk1fk1fl1.tiff	jpegxl-d1-e5/prod_26/images/plate_41002879/r08c06f06p01-ch1sk1fk1fl1.jxl
s3://cellpainting-gallery/cpg0037-oasis/axiom/images/prod_26/images/plate_41002879/r11c04f03p01-ch6sk1fk1fl1.tiff	jpegxl-d1-e5/prod_26/images/plate_41002879/r11c04f03p01-ch6sk1fk1fl1.jxl
s3://cellpainting-gallery/cpg0037-oasis/axiom/images/prod_26/images/plate_41002879/r11c20f03p01-ch5sk1fk1fl1.tiff	jpegxl-d1-e5/prod_26/images/plate_41002879/r11c20f03p01-ch5sk1fk1fl1.jxl
s3://cellpainting-gallery/cpg0037-oasis/axiom/images/prod_26/images/plate_41002879/r12c15f11p01-ch2sk1fk1fl1.tiff	jpegxl-d1-e5/prod_26/images/plate_41002879/r12c15f11p01-ch2sk1fk1fl1.jxl
s3://cellpainting-gallery/cpg0037-oasis/axiom/images/prod_26/images/plate_41002879/r12c21f12p01-ch2sk1fk1fl1.tiff	jpegxl-d1-e5/prod_26/images/plate_41002879/r12c21f12p01-ch2sk1fk1fl1.jxl
s3://cellpainting-gallery/cpg0037-oasis/axiom/images/prod_26/images/plate_41002879/r14c04f15p01-ch1sk1fk1fl1.tiff	jpegxl-d1-e5/prod_26/images/plate_41002879/r14c04f15p01-ch1sk1fk1fl1.jxl
s3://cellpainting-gallery/cpg0037-oasis/axiom/images/prod_26/images/plate_41002879/r14c07f03p01-ch5sk1fk1fl1.tiff	jpegxl-d1-e5/prod_26/images/plate_41002879/r14c07f03p01-ch5sk1fk1fl1.jxl
s3://cellpainting-gallery/cpg0037-oasis/axiom/images/prod_26/images/plate_41002879/r16c13f10p01-ch4sk1fk1fl1.tiff	jpegxl-d1-e5/prod_26/images/plate_41002879/r16c13f10p01-ch4sk1fk1fl1.jxl
s3://cellpainting-gallery/cpg0037-oasis/axiom/images/prod_26/images/plate_41002880/r01c02f07p01-ch1sk1fk1fl1.tiff	jpegxl-d1-e5/prod_26/images/plate_41002880/r01c02f07p01-ch1sk1fk1fl1.jxl
s3://cellpainting-gallery/cpg0037-oasis/axiom/images/prod_26/images/plate_41002880/r01c17f01p01-ch5sk1fk1fl1.tiff	jpegxl-d1-e5/prod_26/images/plate_41002880/r01c17f01p01-ch5sk1fk1fl1.jxl
s3://cellpainting-gallery/cpg0037-oasis/axiom/images/prod_26/images/plate_41002880/r01c18f08p01-ch6sk1fk1fl1.tiff	jpegxl-d1-e5/prod_26/images/plate_41002880/r01c18f08p01-ch6sk1fk1fl1.jxl
s3://cellpainting-gallery/cpg0037-oasis/axiom/images/prod_26/images/plate_41002880/r02c13f01p01-ch5sk1fk1fl1.tiff	jpegxl-d1-e5/prod_26/images/plate_41002880/r02c13f01p01-ch5sk1fk1fl1.jxl
s3://cellpainting-gallery/cpg0037-oasis/axiom/images/prod_26/images/plate_41002880/r02c14f12p01-ch2sk1fk1fl1.tiff	jpegxl-d1-e5/prod_26/images/plate_41002880/r02c14f12p01-ch2sk1fk1fl1.jxl
s3://cellpainting-gallery/cpg0037-oasis/axiom/images/prod_26/images/plate_41002880/r03c21f08p01-ch4sk1fk1fl1.tiff	jpegxl-d1-e5/prod_26/images/plate_41002880/r03c21f08p01-ch4sk1fk1fl1.jxl
s3://cellpainting-gallery/cpg0037-oasis/axiom/images/prod_26/images/plate_41002880/r04c15f14p01-ch5sk1fk1fl1.tiff	jpegxl-d1-e5/prod_26/images/plate_41002880/r04c15f14p01-ch5sk1fk1fl1.jxl
s3://cellpainting-gallery/cpg0037-oasis/axiom/images/prod_26/images/plate_41002880/r05c03f13p01-ch6sk1fk1fl1.tiff	jpegxl-d1-e5/prod_26/images/plate_41002880/r05c03f13p01-ch6sk1fk1fl1.jxl
s3://cellpainting-gallery/cpg0037-oasis/axiom/images/prod_26/images/plate_41002880/r06c01f02p01-ch2sk1fk1fl1.tiff	jpegxl-d1-e5/prod_26/images/plate_41002880/r06c01f02p01-ch2sk1fk1fl1.jxl
s3://cellpainting-gallery/cpg0037-oasis/axiom/images/prod_26/images/plate_41002880/r06c22f08p01-ch6sk1fk1fl1.tiff	jpegxl-d1-e5/prod_26/images/plate_41002880/r06c22f08p01-ch6sk1fk1fl1.jxl
s3://cellpainting-gallery/cpg0037-oasis/axiom/images/prod_26/images/plate_41002880/r09c20f10p01-ch3sk1fk1fl1.tiff	jpegxl-d1-e5/prod_26/images/plate_41002880/r09c20f10p01-ch3sk1fk1fl1.jxl
s3://cellpainting-gallery/cpg0037-oasis/axiom/images/prod_26/images/plate_41002880/r09c24f09p01-ch2sk1fk1fl1.tiff	jpegxl-d1-e5/prod_26/images/plate_41002880/r09c24f09p01-ch2sk1fk1fl1.jxl
s3://cellpainting-gallery/cpg0037-oasis/axiom/images/prod_26/images/plate_41002880/r10c09f06p01-ch5sk1fk1fl1.tiff	jpegxl-d1-e5/prod_26/images/plate_41002880/r10c09f06p01-ch5sk1fk1fl1.jxl
s3://cellpainting-gallery/cpg0037-oasis/axiom/images/prod_26/images/plate_41002880/r13c23f01p01-ch3sk1fk1fl1.tiff	jpegxl-d1-e5/prod_26/images/plate_41002880/r13c23f01p01-ch3sk1fk1fl1.jxl
s3://cellpainting-gallery/cpg0037-oasis/axiom/images/prod_26/images/plate_41002880/r14c18f01p01-ch1sk1fk1fl1.tiff	jpegxl-d1-e5/prod_26/images/plate_41002880/r14c18f01p01-ch1sk1fk1fl1.jxl
s3://cellpainting-gallery/cpg0037-oasis/axiom/images/prod_26/images/plate_41002880/r15c09f02p01-ch5sk1fk1fl1.tiff	jpegxl-d1-e5/prod_26/images/plate_41002880/r15c09f02p01-ch5sk1fk1fl1.jxl
s3://cellpainting-gallery/cpg0037-oasis/axiom/images/prod_26/images/plate_41002880/r15c20f07p01-ch3sk1fk1fl1.tiff	jpegxl-d1-e5/prod_26/images/plate_41002880/r15c20f07p01-ch3sk1fk1fl1.jxl
s3://cellpainting-gallery/cpg0037-oasis/axiom/images/prod_26/images/plate_41002880/r16c08f15p01-ch6sk1fk1fl1.tiff	jpegxl-d1-e5/prod_26/images/plate_41002880/r16c08f15p01-ch6sk1fk1fl1.jxl
s3://cellpainting-gallery/cpg0037-oasis/axiom/images/prod_26/images/plate_41002880/r16c22f06p01-ch1sk1fk1fl1.tiff	jpegxl-d1-e5/prod_26/images/plate_41002880/r16c22f06p01-ch1sk1fk1fl1.jxl
s3://cellpainting-gallery/cpg0037-oasis/axiom/images/prod_26/images/plate_41002881/r01c05f11p01-ch1sk1fk1fl1.tiff	jpegxl-d1-e5/prod_26/images/plate_41002881/r01c05f11p01-ch1sk1fk1fl1.jxl
s3://cellpainting-gallery/cpg0037-oasis/axiom/images/prod_26/images/plate_41002881/r01c23f03p01-ch2sk1fk1fl1.tiff	jpegxl-d1-e5/prod_26/images/plate_41002881/r01c23f03p01-ch2sk1fk1fl1.jxl
s3://cellpainting-gallery/cpg0037-oasis/axiom/images/prod_26/images/plate_41002881/r02c21f04p01-ch4sk1fk1fl1.tiff	jpegxl-d1-e5/prod_26/images/plate_41002881/r02c21f04p01-ch4sk1fk1fl1.jxl
s3://cellpainting-gallery/cpg0037-oasis/axiom/images/prod_26/images/plate_41002881/r03c01f14p01-ch1sk1fk1fl1.tiff	jpegxl-d1-e5/prod_26/images/plate_41002881/r03c01f14p01-ch1sk1fk1fl1.jxl
s3://cellpainting-gallery/cpg0037-oasis/axiom/images/prod_26/images/plate_41002881/r04c17f03p01-ch6sk1fk1fl1.tiff	jpegxl-d1-e5/prod_26/images/plate_41002881/r04c17f03p01-ch6sk1fk1fl1.jxl
s3://cellpainting-gallery/cpg0037-oasis/axiom/images/prod_26/images/plate_41002881/r05c12f07p01-ch6sk1fk1fl1.tiff	jpegxl-d1-e5/prod_26/images/plate_41002881/r05c12f07p01-ch6sk1fk1fl1.jxl
s3://cellpainting-gallery/cpg0037-oasis/axiom/images/prod_26/images/plate_41002881/r06c11f02p01-ch2sk1fk1fl1.tiff	jpegxl-d1-e5/prod_26/images/plate_41002881/r06c11f02p01-ch2sk1fk1fl1.jxl
s3://cellpainting-gallery/cpg0037-oasis/axiom/images/prod_26/images/plate_41002881/r06c15f04p01-ch4sk1fk1fl1.tiff	jpegxl-d1-e5/prod_26/images/plate_41002881/r06c15f04p01-ch4sk1fk1fl1.jxl
s3://cellpainting-gallery/cpg0037-oasis/axiom/images/prod_26/images/plate_41002881/r07c24f02p01-ch1sk1fk1fl1.tiff	jpegxl-d1-e5/prod_26/images/plate_41002881/r07c24f02p01-ch1sk1fk1fl1.jxl
s3://cellpainting-gallery/cpg0037-oasis/axiom/images/prod_26/images/plate_41002881/r08c22f02p01-ch2sk1fk1fl1.tiff	jpegxl-d1-e5/prod_26/images/plate_41002881/r08c22f02p01-ch2sk1fk1fl1.jxl
s3://cellpainting-gallery/cpg0037-oasis/axiom/images/prod_26/images/plate_41002881/r11c10f02p01-ch5sk1fk1fl1.tiff	jpegxl-d1-e5/prod_26/images/plate_41002881/r11c10f02p01-ch5sk1fk1fl1.jxl
s3://cellpainting-gallery/cpg0037-oasis/axiom/images/prod_26/images/plate_41002881/r11c13f14p01-ch5sk1fk1fl1.tiff	jpegxl-d1-e5/prod_26/images/plate_41002881/r11c13f14p01-ch5sk1fk1fl1.jxl
s3://cellpainting-gallery/cpg0037-oasis/axiom/images/prod_26/images/plate_41002881/r11c21f12p01-ch3sk1fk1fl1.tiff	jpegxl-d1-e5/prod_26/images/plate_41002881/r11c21f12p01-ch3sk1fk1fl1.jxl
s3://cellpainting-gallery/cpg0037-oasis/axiom/images/prod_26/images/plate_41002881/r13c14f11p01-ch4sk1fk1fl1.tiff	jpegxl-d1-e5/prod_26/images/plate_41002881/r13c14f11p01-ch4sk1fk1fl1.jxl
s3://cellpainting-gallery/cpg0037-oasis/axiom/images/prod_26/images/plate_41002881/r15c09f03p01-ch3sk1fk1fl1.tiff	jpegxl-d1-e5/prod_26/images/plate_41002881/r15c09f03p01-ch3sk1fk1fl1.jxl
s3://cellpainting-gallery/cpg0037-oasis/axiom/images/prod_26/images/plate_41002881/r16c03f04p01-ch3sk1fk1fl1.tiff	jpegxl-d1-e5/prod_26/images/plate_41002881/r16c03f04p01-ch3sk1fk1fl1.jxl
s3://cellpainting-gallery/cpg0037-oasis/axiom/images/prod_26/images/plate_41002882/r03c04f13p01-ch3sk1fk1fl1.tiff	jpegxl-d1-e5/prod_26/images/plate_41002882/r03c04f13p01-ch3sk1fk1fl1.jxl
s3://cellpainting-gallery/cpg0037-oasis/axiom/images/prod_26/images/plate_41002882/r03c06f08p01-ch4sk1fk1fl1.tiff	jpegxl-d1-e5/prod_26/images/plate_41002882/r03c06f08p01-ch4sk1fk1fl1.jxl
s3://cellpainting-gallery/cpg0037-oasis/axiom/images/prod_26/images/plate_41002882/r03c13f01p01-ch2sk1fk1fl1.tiff	jpegxl-d1-e5/prod_26/images/plate_41002882/r03c13f01p01-ch2sk1fk1fl1.jxl
s3://cellpainting-gallery/cpg0037-oasis/axiom/images/prod_26/images/plate_41002882/r04c05f02p01-ch6sk1fk1fl1.tiff	jpegxl-d1-e5/prod_26/images/plate_41002882/r04c05f02p01-ch6sk1fk1fl1.jxl
s3://cellpainting-gallery/cpg0037-oasis/axiom/images/prod_26/images/plate_41002882/r05c10f03p01-ch3sk1fk1fl1.tiff	jpegxl-d1-e5/prod_26/images/plate_41002882/r05c10f03p01-ch3sk1fk1fl1.jxl
s3://cellpainting-gallery/cpg0037-oasis/axiom/images/prod_26/images/plate_41002882/r07c22f15p01-ch5sk1fk1fl1.tiff	jpegxl-d1-e5/prod_26/images/plate_41002882/r07c22f15p01-ch5sk1fk1fl1.jxl
s3://cellpainting-gallery/cpg0037-oasis/axiom/images/prod_26/images/plate_41002882/r07c23f04p01-ch5sk1fk1fl1.tiff	jpegxl-d1-e5/prod_26/images/plate_41002882/r07c23f04p01-ch5sk1fk1fl1.jxl
s3://cellpainting-gallery/cpg0037-oasis/axiom/images/prod_26/images/plate_41002882/r08c02f10p01-ch3sk1fk1fl1.tiff	jpegxl-d1-e5/prod_26/images/plate_41002882/r08c02f10p01-ch3sk1fk1fl1.jxl
s3://cellpainting-gallery/cpg0037-oasis/axiom/images/prod_26/images/plate_41002882/r09c02f07p01-ch6sk1fk1fl1.tiff	jpegxl-d1-e5/prod_26/images/plate_41002882/r09c02f07p01-ch6sk1fk1fl1.jxl
s3://cellpainting-gallery/cpg0037-oasis/axiom/images/prod_26/images/plate_41002882/r09c07f01p01-ch6sk1fk1fl1.tiff	jpegxl-d1-e5/prod_26/images/plate_41002882/r09c07f01p01-ch6sk1fk1fl1.jxl
s3://cellpainting-gallery/cpg0037-oasis/axiom/images/prod_26/images/plate_41002882/r10c23f08p01-ch4sk1fk1fl1.tiff	jpegxl-d1-e5/prod_26/images/plate_41002882/r10c23f08p01-ch4sk1fk1fl1.jxl
s3://cellpainting-gallery/cpg0037-oasis/axiom/images/prod_26/images/plate_41002882/r11c10f14p01-ch5sk1fk1fl1.tiff	jpegxl-d1-e5/prod_26/images/plate_41002882/r11c10f14p01-ch5sk1fk1fl1.jxl
s3://cellpainting-gallery/cpg0037-oasis/axiom/images/prod_26/images/plate_41002882/r13c10f06p01-ch6sk1fk1fl1.tiff	jpegxl-d1-e5/prod_26/images/plate_41002882/r13c10f06p01-ch6sk1fk1fl1.jxl
s3://cellpainting-gallery/cpg0037-oasis/axiom/images/prod_26/images/plate_41002882/r14c22f02p01-ch6sk1fk1fl1.tiff	jpegxl-d1-e5/prod_26/images/plate_41002882/r14c22f02p01-ch6sk1fk1fl1.jxl
s3://cellpainting-gallery/cpg0037-oasis/axiom/images/prod_26/images/plate_41002882/r14c23f14p01-ch4sk1fk1fl1.tiff	jpegxl-d1-e5/prod_26/images/plate_41002882/r14c23f14p01-ch4sk1fk1fl1.jxl
s3://cellpainting-gallery/cpg0037-oasis/axiom/images/prod_26/images/plate_41002882/r15c11f08p01-ch4sk1fk1fl1.tiff	jpegxl-d1-e5/prod_26/images/plate_41002882/r15c11f08p01-ch4sk1fk1fl1.jxl
s3://cellpainting-gallery/cpg0037-oasis/axiom/images/prod_26/images/plate_41002882/r16c12f03p01-ch6sk1fk1fl1.tiff	jpegxl-d1-e5/prod_26/images/plate_41002882/r16c12f03p01-ch6sk1fk1fl1.jxl
s3://cellpainting-gallery/cpg0037-oasis/axiom/images/prod_26/images/plate_41002883/r01c02f01p01-ch2sk1fk1fl1.tiff	jpegxl-d1-e5/prod_26/images/plate_41002883/r01c02f01p01-ch2sk1fk1fl1.jxl
s3://cellpainting-gallery/cpg0037-oasis/axiom/images/prod_26/images/plate_41002883/r01c24f07p01-ch5sk1fk1fl1.tiff	jpegxl-d1-e5/prod_26/images/plate_41002883/r01c24f07p01-ch5sk1fk1fl1.jxl
s3://cellpainting-gallery/cpg0037-oasis/axiom/images/prod_26/images/plate_41002883/r02c05f01p01-ch1sk1fk1fl1.tiff	jpegxl-d1-e5/prod_26/images/plate_41002883/r02c05f01p01-ch1sk1fk1fl1.jxl
s3://cellpainting-gallery/cpg0037-oasis/axiom/images/prod_26/images/plate_41002883/r02c06f13p01-ch5sk1fk1fl1.tiff	jpegxl-d1-e5/prod_26/images/plate_41002883/r02c06f13p01-ch5sk1fk1fl1.jxl
s3://cellpainting-gallery/cpg0037-oasis/axiom/images/prod_26/images/plate_41002883/r04c21f15p01-ch6sk1fk1fl1.tiff	jpegxl-d1-e5/prod_26/images/plate_41002883/r04c21f15p01-ch6sk1fk1fl1.jxl
s3://cellpainting-gallery/cpg0037-oasis/axiom/images/prod_26/images/plate_41002883/r05c20f04p01-ch2sk1fk1fl1.tiff	jpegxl-d1-e5/prod_26/images/plate_41002883/r05c20f04p01-ch2sk1fk1fl1.jxl
s3://cellpainting-gallery/cpg0037-oasis/axiom/images/prod_26/images/plate_41002883/r06c17f12p01-ch5sk1fk1fl1.tiff	jpegxl-d1-e5/prod_26/images/plate_41002883/r06c17f12p01-ch5sk1fk1fl1.jxl
s3://cellpainting-gallery/cpg0037-oasis/axiom/images/prod_26/images/plate_41002883/r07c14f02p01-ch2sk1fk1fl1.tiff	jpegxl-d1-e5/prod_26/images/plate_41002883/r07c14f02p01-ch2sk1fk1fl1.jxl
s3://cellpainting-gallery/cpg0037-oasis/axiom/images/prod_26/images/plate_41002883/r07c22f11p01-ch4sk1fk1fl1.tiff	jpegxl-d1-e5/prod_26/images/plate_41002883/r07c22f11p01-ch4sk1fk1fl1.jxl
s3://cellpainting-gallery/cpg0037-oasis/axiom/images/prod_26/images/plate_41002883/r08c09f12p01-ch6sk1fk1fl1.tiff	jpegxl-d1-e5/prod_26/images/plate_41002883/r08c09f12p01-ch6sk1fk1fl1.jxl
s3://cellpainting-gallery/cpg0037-oasis/axiom/images/prod_26/images/plate_41002883/r09c04f13p01-ch3sk1fk1fl1.tiff	jpegxl-d1-e5/prod_26/images/plate_41002883/r09c04f13p01-ch3sk1fk1fl1.jxl
s3://cellpainting-gallery/cpg0037-oasis/axiom/images/prod_26/images/plate_41002883/r09c17f12p01-ch1sk1fk1fl1.tiff	jpegxl-d1-e5/prod_26/images/plate_41002883/r09c17f12p01-ch1sk1fk1fl1.jxl
s3://cellpainting-gallery/cpg0037-oasis/axiom/images/prod_26/images/plate_41002883/r09c21f08p01-ch1sk1fk1fl1.tiff	jpegxl-d1-e5/prod_26/images/plate_41002883/r09c21f08p01-ch1sk1fk1fl1.jxl
s3://cellpainting-gallery/cpg0037-oasis/axiom/images/prod_26/images/plate_41002883/r09c21f13p01-ch1sk1fk1fl1.tiff	jpegxl-d1-e5/prod_26/images/plate_41002883/r09c21f13p01-ch1sk1fk1fl1.jxl
s3://cellpainting-gallery/cpg0037-oasis/axiom/images/prod_26/images/plate_41002883/r10c04f01p01-ch5sk1fk1fl1.tiff	jpegxl-d1-e5/prod_26/images/plate_41002883/r10c04f01p01-ch5sk1fk1fl1.jxl
s3://cellpainting-gallery/cpg0037-oasis/axiom/images/prod_26/images/plate_41002883/r11c06f07p01-ch2sk1fk1fl1.tiff	jpegxl-d1-e5/prod_26/images/plate_41002883/r11c06f07p01-ch2sk1fk1fl1.jxl
s3://cellpainting-gallery/cpg0037-oasis/axiom/images/prod_26/images/plate_41002883/r11c16f04p01-ch6sk1fk1fl1.tiff	jpegxl-d1-e5/prod_26/images/plate_41002883/r11c16f04p01-ch6sk1fk1fl1.jxl
s3://cellpainting-gallery/cpg0037-oasis/axiom/images/prod_26/images/plate_41002883/r12c02f05p01-ch2sk1fk1fl1.tiff	jpegxl-d1-e5/prod_26/images/plate_41002883/r12c02f05p01-ch2sk1fk1fl1.jxl
s3://cellpainting-gallery/cpg0037-oasis/axiom/images/prod_26/images/plate_41002883/r12c16f03p01-ch5sk1fk1fl1.tiff	jpegxl-d1-e5/prod_26/images/plate_41002883/r12c16f03p01-ch5sk1fk1fl1.jxl
s3://cellpainting-gallery/cpg0037-oasis/axiom/images/prod_26/images/plate_41002883/r13c06f14p01-ch2sk1fk1fl1.tiff	jpegxl-d1-e5/prod_26/images/plate_41002883/r13c06f14p01-ch2sk1fk1fl1.jxl
s3://cellpainting-gallery/cpg0037-oasis/axiom/images/prod_26/images/plate_41002883/r13c17f06p01-ch4sk1fk1fl1.tiff	jpegxl-d1-e5/prod_26/images/plate_41002883/r13c17f06p01-ch4sk1fk1fl1.jxl
s3://cellpainting-gallery/cpg0037-oasis/axiom/images/prod_26/images/plate_41002884/r01c11f15p01-ch5sk1fk1fl1.tiff	jpegxl-d1-e5/prod_26/images/plate_41002884/r01c11f15p01-ch5sk1fk1fl1.jxl
s3://cellpainting-gallery/cpg0037-oasis/axiom/images/prod_26/images/plate_41002884/r02c09f14p01-ch3sk1fk1fl1.tiff	jpegxl-d1-e5/prod_26/images/plate_41002884/r02c09f14p01-ch3sk1fk1fl1.jxl
s3://cellpainting-gallery/cpg0037-oasis/axiom/images/prod_26/images/plate_41002884/r02c12f10p01-ch4sk1fk1fl1.tiff	jpegxl-d1-e5/prod_26/images/plate_41002884/r02c12f10p01-ch4sk1fk1fl1.jxl
s3://cellpainting-gallery/cpg0037-oasis/axiom/images/prod_26/images/plate_41002884/r02c19f13p01-ch4sk1fk1fl1.tiff	jpegxl-d1-e5/prod_26/images/plate_41002884/r02c19f13p01-ch4sk1fk1fl1.jxl
s3://cellpainting-gallery/cpg0037-oasis/axiom/images/prod_26/images/plate_41002884/r03c06f11p01-ch6sk1fk1fl1.tiff	jpegxl-d1-e5/prod_26/images/plate_41002884/r03c06f11p01-ch6sk1fk1fl1.jxl
s3://cellpainting-gallery/cpg0037-oasis/axiom/images/prod_26/images/plate_41002884/r04c09f04p01-ch2sk1fk1fl1.tiff	jpegxl-d1-e5/prod_26/images/plate_41002884/r04c09f04p01-ch2sk1fk1fl1.jxl
s3://cellpainting-gallery/cpg0037-oasis/axiom/images/prod_26/images/plate_41002884/r04c10f13p01-ch6sk1fk1fl1.tiff	jpegxl-d1-e5/prod_26/images/plate_41002884/r04c10f13p01-ch6sk1fk1fl1.jxl
s3://cellpainting-gallery/cpg0037-oasis/axiom/images/prod_26/images/plate_41002884/r04c16f08p01-ch1sk1fk1fl1.tiff	jpegxl-d1-e5/prod_26/images/plate_41002884/r04c16f08p01-ch1sk1fk1fl1.jxl
s3://cellpainting-gallery/cpg0037-oasis/axiom/images/prod_26/images/plate_41002884/r05c04f07p01-ch6sk1fk1fl1.tiff	jpegxl-d1-e5/prod_26/images/plate_41002884/r05c04f07p01-ch6sk1fk1fl1.jxl
s3://cellpainting-gallery/cpg0037-oasis/axiom/images/prod_26/images/plate_41002884/r07c11f15p01-ch5sk1fk1fl1.tiff	jpegxl-d1-e5/prod_26/images/plate_41002884/r07c11f15p01-ch5sk1fk1fl1.jxl
s3://cellpainting-gallery/cpg0037-oasis/axiom/images/prod_26/images/plate_41002884/r09c11f07p01-ch3sk1fk1fl1.tiff	jpegxl-d1-e5/prod_26/images/plate_41002884/r09c11f07p01-ch3sk1fk1fl1.jxl
s3://cellpainting-gallery/cpg0037-oasis/axiom/images/prod_26/images/plate_41002884/r10c20f06p01-ch5sk1fk1fl1.tiff	jpegxl-d1-e5/prod_26/images/plate_41002884/r10c20f06p01-ch5sk1fk1fl1.jxl
s3://cellpainting-gallery/cpg0037-oasis/axiom/images/prod_26/images/plate_41002884/r12c11f07p01-ch4sk1fk1fl1.tiff	jpegxl-d1-e5/prod_26/images/plate_41002884/r12c11f07p01-ch4sk1fk1fl1.jxl
s3://cellpainting-gallery/cpg0037-oasis/axiom/images/prod_26/images/plate_41002884/r12c14f13p01-ch4sk1fk1fl1.tiff	jpegxl-d1-e5/prod_26/images/plate_41002884/r12c14f13p01-ch4sk1fk1fl1.jxl
s3://cellpainting-gallery/cpg0037-oasis/axiom/images/prod_26/images/plate_41002884/r12c21f10p01-ch4sk1fk1fl1.tiff	jpegxl-d1-e5/prod_26/images/plate_41002884/r12c21f10p01-ch4sk1fk1fl1.jxl
s3://cellpainting-gallery/cpg0037-oasis/axiom/images/prod_26/images/plate_41002884/r13c03f14p01-ch4sk1fk1fl1.tiff	jpegxl-d1-e5/prod_26/images/plate_41002884/r13c03f14p01-ch4sk1fk1fl1.jxl
s3://cellpainting-gallery/cpg0037-oasis/axiom/images/prod_26/images/plate_41002884/r13c07f12p01-ch4sk1fk1fl1.tiff	jpegxl-d1-e5/prod_26/images/plate_41002884/r13c07f12p01-ch4sk1fk1fl1.jxl
s3://cellpainting-gallery/cpg0037-oasis/axiom/images/prod_26/images/plate_41002884/r14c21f05p01-ch6sk1fk1fl1.tiff	jpegxl-d1-e5/prod_26/images/plate_41002884/r14c21f05p01-ch6sk1fk1fl1.jxl
s3://cellpainting-gallery/cpg0037-oasis/axiom/images/prod_26/images/plate_41002884/r15c09f01p01-ch4sk1fk1fl1.tiff	jpegxl-d1-e5/prod_26/images/plate_41002884/r15c09f01p01-ch4sk1fk1fl1.jxl
s3://cellpainting-gallery/cpg0037-oasis/axiom/images/prod_26/images/plate_41002884/r16c04f05p01-ch6sk1fk1fl1.tiff	jpegxl-d1-e5/prod_26/images/plate_41002884/r16c04f05p01-ch6sk1fk1fl1.jxl
s3://cellpainting-gallery/cpg0037-oasis/axiom/images/prod_26/images/plate_41002884/r16c11f05p01-ch2sk1fk1fl1.tiff	jpegxl-d1-e5/prod_26/images/plate_41002884/r16c11f05p01-ch2sk1fk1fl1.jxl
s3://cellpainting-gallery/cpg0037-oasis/axiom/images/prod_26/images/plate_41002885/r01c04f01p01-ch3sk1fk1fl1.tiff	jpegxl-d1-e5/prod_26/images/plate_41002885/r01c04f01p01-ch3sk1fk1fl1.jxl
s3://cellpainting-gallery/cpg0037-oasis/axiom/images/prod_26/images/plate_41002885/r01c07f01p01-ch3sk1fk1fl1.tiff	jpegxl-d1-e5/prod_26/images/plate_41002885/r01c07f01p01-ch3sk1fk1fl1.jxl
s3://cellpainting-gallery/cpg0037-oasis/axiom/images/prod_26/images/plate_41002885/r01c14f03p01-ch2sk1fk1fl1.tiff	jpegxl-d1-e5/prod_26/images/plate_41002885/r01c14f03p01-ch2sk1fk1fl1.jxl
s3://cellpainting-gallery/cpg0037-oasis/axiom/images/prod_26/images/plate_41002885/r02c02f14p01-ch6sk1fk1fl1.tiff	jpegxl-d1-e5/prod_26/images/plate_41002885/r02c02f14p01-ch6sk1fk1fl1.jxl
s3://cellpainting-gallery/cpg0037-oasis/axiom/images/prod_26/images/plate_41002885/r02c13f10p01-ch5sk1fk1fl1.tiff	jpegxl-d1-e5/prod_26/images/plate_41002885/r02c13f10p01-ch5sk1fk1fl1.jxl
s3://cellpainting-gallery/cpg0037-oasis/axiom/images/prod_26/images/plate_41002885/r02c15f05p01-ch1sk1fk1fl1.tiff	jpegxl-d1-e5/prod_26/images/plate_41002885/r02c15f05p01-ch1sk1fk1fl1.jxl
s3://cellpainting-gallery/cpg0037-oasis/axiom/images/prod_26/images/plate_41002885/r02c16f03p01-ch5sk1fk1fl1.tiff	jpegxl-d1-e5/prod_26/images/plate_41002885/r02c16f03p01-ch5sk1fk1fl1.jxl
s3://cellpainting-gallery/cpg0037-oasis/axiom/images/prod_26/images/plate_41002885/r03c17f07p01-ch6sk1fk1fl1.tiff	jpegxl-d1-e5/prod_26/images/plate_41002885/r03c17f07p01-ch6sk1fk1fl1.jxl
s3://cellpainting-gallery/cpg0037-oasis/axiom/images/prod_26/images/plate_41002885/r03c20f06p01-ch3sk1fk1fl1.tiff	jpegxl-d1-e5/prod_26/images/plate_41002885/r03c20f06p01-ch3sk1fk1fl1.jxl
s3://cellpainting-gallery/cpg0037-oasis/axiom/images/prod_26/images/plate_41002885/r03c23f03p01-ch1sk1fk1fl1.tiff	jpegxl-d1-e5/prod_26/images/plate_41002885/r03c23f03p01-ch1sk1fk1fl1.jxl
s3://cellpainting-gallery/cpg0037-oasis/axiom/images/prod_26/images/plate_41002885/r05c04f07p01-ch3sk1fk1fl1.tiff	jpegxl-d1-e5/prod_26/images/plate_41002885/r05c04f07p01-ch3sk1fk1fl1.jxl
s3://cellpainting-gallery/cpg0037-oasis/axiom/images/prod_26/images/plate_41002885/r05c16f04p01-ch4sk1fk1fl1.tiff	jpegxl-d1-e5/prod_26/images/plate_41002885/r05c16f04p01-ch4sk1fk1fl1.jxl
s3://cellpainting-gallery/cpg0037-oasis/axiom/images/prod_26/images/plate_41002885/r06c09f15p01-ch5sk1fk1fl1.tiff	jpegxl-d1-e5/prod_26/images/plate_41002885/r06c09f15p01-ch5sk1fk1fl1.jxl
s3://cellpainting-gallery/cpg0037-oasis/axiom/images/prod_26/images/plate_41002885/r06c10f10p01-ch1sk1fk1fl1.tiff	jpegxl-d1-e5/prod_26/images/plate_41002885/r06c10f10p01-ch1sk1fk1fl1.jxl
s3://cellpainting-gallery/cpg0037-oasis/axiom/images/prod_26/images/plate_41002885/r06c21f14p01-ch1sk1fk1fl1.tiff	jpegxl-d1-e5/prod_26/images/plate_41002885/r06c21f14p01-ch1sk1fk1fl1.jxl
s3://cellpainting-gallery/cpg0037-oasis/axiom/images/prod_26/images/plate_41002885/r07c08f09p01-ch4sk1fk1fl1.tiff	jpegxl-d1-e5/prod_26/images/plate_41002885/r07c08f09p01-ch4sk1fk1fl1.jxl
s3://cellpainting-gallery/cpg0037-oasis/axiom/images/prod_26/images/plate_41002885/r07c14f13p01-ch3sk1fk1fl1.tiff	jpegxl-d1-e5/prod_26/images/plate_41002885/r07c14f13p01-ch3sk1fk1fl1.jxl
s3://cellpainting-gallery/cpg0037-oasis/axiom/images/prod_26/images/plate_41002885/r08c08f13p01-ch4sk1fk1fl1.tiff	jpegxl-d1-e5/prod_26/images/plate_41002885/r08c08f13p01-ch4sk1fk1fl1.jxl
s3://cellpainting-gallery/cpg0037-oasis/axiom/images/prod_26/images/plate_41002885/r08c09f01p01-ch1sk1fk1fl1.tiff	jpegxl-d1-e5/prod_26/images/plate_41002885/r08c09f01p01-ch1sk1fk1fl1.jxl
s3://cellpainting-gallery/cpg0037-oasis/axiom/images/prod_26/images/plate_41002885/r09c06f01p01-ch1sk1fk1fl1.tiff	jpegxl-d1-e5/prod_26/images/plate_41002885/r09c06f01p01-ch1sk1fk1fl1.jxl
s3://cellpainting-gallery/cpg0037-oasis/axiom/images/prod_26/images/plate_41002885/r10c09f15p01-ch6sk1fk1fl1.tiff	jpegxl-d1-e5/prod_26/images/plate_41002885/r10c09f15p01-ch6sk1fk1fl1.jxl
s3://cellpainting-gallery/cpg0037-oasis/axiom/images/prod_26/images/plate_41002885/r10c22f01p01-ch3sk1fk1fl1.tiff	jpegxl-d1-e5/prod_26/images/plate_41002885/r10c22f01p01-ch3sk1fk1fl1.jxl
s3://cellpainting-gallery/cpg0037-oasis/axiom/images/prod_26/images/plate_41002885/r11c16f07p01-ch1sk1fk1fl1.tiff	jpegxl-d1-e5/prod_26/images/plate_41002885/r11c16f07p01-ch1sk1fk1fl1.jxl
s3://cellpainting-gallery/cpg0037-oasis/axiom/images/prod_26/images/plate_41002885/r11c16f11p01-ch6sk1fk1fl1.tiff	jpegxl-d1-e5/prod_26/images/plate_41002885/r11c16f11p01-ch6sk1fk1fl1.jxl
s3://cellpainting-gallery/cpg0037-oasis/axiom/images/prod_26/images/plate_41002885/r11c21f15p01-ch6sk1fk1fl1.tiff	jpegxl-d1-e5/prod_26/images/plate_41002885/r11c21f15p01-ch6sk1fk1fl1.jxl
s3://cellpainting-gallery/cpg0037-oasis/axiom/images/prod_26/images/plate_41002885/r13c24f01p01-ch4sk1fk1fl1.tiff	jpegxl-d1-e5/prod_26/images/plate_41002885/r13c24f01p01-ch4sk1fk1fl1.jxl
s3://cellpainting-gallery/cpg0037-oasis/axiom/images/prod_26/images/plate_41002885/r14c12f08p01-ch2sk1fk1fl1.tiff	jpegxl-d1-e5/prod_26/images/plate_41002885/r14c12f08p01-ch2sk1fk1fl1.jxl
s3://cellpainting-gallery/cpg0037-oasis/axiom/images/prod_26/images/plate_41002885/r14c14f14p01-ch5sk1fk1fl1.tiff	jpegxl-d1-e5/prod_26/images/plate_41002885/r14c14f14p01-ch5sk1fk1fl1.jxl
s3://cellpainting-gallery/cpg0037-oasis/axiom/images/prod_26/images/plate_41002885/r16c16f14p01-ch2sk1fk1fl1.tiff	jpegxl-d1-e5/prod_26/images/plate_41002885/r16c16f14p01-ch2sk1fk1fl1.jxl
s3://cellpainting-gallery/cpg0037-oasis/axiom/images/prod_26/images/plate_41002885/r16c21f01p01-ch4sk1fk1fl1.tiff	jpegxl-d1-e5/prod_26/images/plate_41002885/r16c21f01p01-ch4sk1fk1fl1.jxl
s3://cellpainting-gallery/cpg0037-oasis/axiom/images/prod_26/images/plate_41002886/r01c04f01p01-ch6sk1fk1fl1.tiff	jpegxl-d1-e5/prod_26/images/plate_41002886/r01c04f01p01-ch6sk1fk1fl1.jxl
s3://cellpainting-gallery/cpg0037-oasis/axiom/images/prod_26/images/plate_41002886/r02c10f12p01-ch1sk1fk1fl1.tiff	jpegxl-d1-e5/prod_26/images/plate_41002886/r02c10f12p01-ch1sk1fk1fl1.jxl
s3://cellpainting-gallery/cpg0037-oasis/axiom/images/prod_26/images/plate_41002886/r04c02f13p01-ch5sk1fk1fl1.tiff	jpegxl-d1-e5/prod_26/images/plate_41002886/r04c02f13p01-ch5sk1fk1fl1.jxl
s3://cellpainting-gallery/cpg0037-oasis/axiom/images/prod_26/images/plate_41002886/r06c20f02p01-ch1sk1fk1fl1.tiff	jpegxl-d1-e5/prod_26/images/plate_41002886/r06c20f02p01-ch1sk1fk1fl1.jxl
s3://cellpainting-gallery/cpg0037-oasis/axiom/images/prod_26/images/plate_41002886/r08c06f01p01-ch1sk1fk1fl1.tiff	jpegxl-d1-e5/prod_26/images/plate_41002886/r08c06f01p01-ch1sk1fk1fl1.jxl
s3://cellpainting-gallery/cpg0037-oasis/axiom/images/prod_26/images/plate_41002886/r08c09f05p01-ch1sk1fk1fl1.tiff	jpegxl-d1-e5/prod_26/images/plate_41002886/r08c09f05p01-ch1sk1fk1fl1.jxl
s3://cellpainting-gallery/cpg0037-oasis/axiom/images/prod_26/images/plate_41002886/r10c03f10p01-ch4sk1fk1fl1.tiff	jpegxl-d1-e5/prod_26/images/plate_41002886/r10c03f10p01-ch4sk1fk1fl1.jxl
s3://cellpainting-gallery/cpg0037-oasis/axiom/images/prod_26/images/plate_41002886/r10c15f06p01-ch6sk1fk1fl1.tiff	jpegxl-d1-e5/prod_26/images/plate_41002886/r10c15f06p01-ch6sk1fk1fl1.jxl
s3://cellpainting-gallery/cpg0037-oasis/axiom/images/prod_26/images/plate_41002886/r10c20f15p01-ch3sk1fk1fl1.tiff	jpegxl-d1-e5/prod_26/images/plate_41002886/r10c20f15p01-ch3sk1fk1fl1.jxl
s3://cellpainting-gallery/cpg0037-oasis/axiom/images/prod_26/images/plate_41002886/r10c24f04p01-ch6sk1fk1fl1.tiff	jpegxl-d1-e5/prod_26/images/plate_41002886/r10c24f04p01-ch6sk1fk1fl1.jxl
s3://cellpainting-gallery/cpg0037-oasis/axiom/images/prod_26/images/plate_41002886/r11c13f14p01-ch2sk1fk1fl1.tiff	jpegxl-d1-e5/prod_26/images/plate_41002886/r11c13f14p01-ch2sk1fk1fl1.jxl
s3://cellpainting-gallery/cpg0037-oasis/axiom/images/prod_26/images/plate_41002886/r12c07f10p01-ch6sk1fk1fl1.tiff	jpegxl-d1-e5/prod_26/images/plate_41002886/r12c07f10p01-ch6sk1fk1fl1.jxl
s3://cellpainting-gallery/cpg0037-oasis/axiom/images/prod_26/images/plate_41002886/r15c20f03p01-ch2sk1fk1fl1.tiff	jpegxl-d1-e5/prod_26/images/plate_41002886/r15c20f03p01-ch2sk1fk1fl1.jxl
s3://cellpainting-gallery/cpg0037-oasis/axiom/images/prod_26/images/plate_41002886/r16c06f09p01-ch6sk1fk1fl1.tiff	jpegxl-d1-e5/prod_26/images/plate_41002886/r16c06f09p01-ch6sk1fk1fl1.jxl
s3://cellpainting-gallery/cpg0037-oasis/axiom/images/prod_26/images/plate_41002886/r16c17f08p01-ch2sk1fk1fl1.tiff	jpegxl-d1-e5/prod_26/images/plate_41002886/r16c17f08p01-ch2sk1fk1fl1.jxl
s3://cellpainting-gallery/cpg0037-oasis/axiom/images/prod_26/images/plate_41002887/r02c16f02p01-ch6sk1fk1fl1.tiff	jpegxl-d1-e5/prod_26/images/plate_41002887/r02c16f02p01-ch6sk1fk1fl1.jxl
s3://cellpainting-gallery/cpg0037-oasis/axiom/images/prod_26/images/plate_41002887/r02c24f05p01-ch2sk1fk1fl1.tiff	jpegxl-d1-e5/prod_26/images/plate_41002887/r02c24f05p01-ch2sk1fk1fl1.jxl
s3://cellpainting-gallery/cpg0037-oasis/axiom/images/prod_26/images/plate_41002887/r03c18f13p01-ch5sk1fk1fl1.tiff	jpegxl-d1-e5/prod_26/images/plate_41002887/r03c18f13p01-ch5sk1fk1fl1.jxl
s3://cellpainting-gallery/cpg0037-oasis/axiom/images/prod_26/images/plate_41002887/r03c21f12p01-ch2sk1fk1fl1.tiff	jpegxl-d1-e5/prod_26/images/plate_41002887/r03c21f12p01-ch2sk1fk1fl1.jxl
s3://cellpainting-gallery/cpg0037-oasis/axiom/images/prod_26/images/plate_41002887/r05c05f07p01-ch5sk1fk1fl1.tiff	jpegxl-d1-e5/prod_26/images/plate_41002887/r05c05f07p01-ch5sk1fk1fl1.jxl
s3://cellpainting-gallery/cpg0037-oasis/axiom/images/prod_26/images/plate_41002887/r05c05f10p01-ch5sk1fk1fl1.tiff	jpegxl-d1-e5/prod_26/images/plate_41002887/r05c05f10p01-ch5sk1fk1fl1.jxl
s3://cellpainting-gallery/cpg0037-oasis/axiom/images/prod_26/images/plate_41002887/r05c10f13p01-ch3sk1fk1fl1.tiff	jpegxl-d1-e5/prod_26/images/plate_41002887/r05c10f13p01-ch3sk1fk1fl1.jxl
s3://cellpainting-gallery/cpg0037-oasis/axiom/images/prod_26/images/plate_41002887/r05c24f03p01-ch6sk1fk1fl1.tiff	jpegxl-d1-e5/prod_26/images/plate_41002887/r05c24f03p01-ch6sk1fk1fl1.jxl
s3://cellpainting-gallery/cpg0037-oasis/axiom/images/prod_26/images/plate_41002887/r06c01f07p01-ch4sk1fk1fl1.tiff	jpegxl-d1-e5/prod_26/images/plate_41002887/r06c01f07p01-ch4sk1fk1fl1.jxl
s3://cellpainting-gallery/cpg0037-oasis/axiom/images/prod_26/images/plate_41002887/r06c17f14p01-ch2sk1fk1fl1.tiff	jpegxl-d1-e5/prod_26/images/plate_41002887/r06c17f14p01-ch2sk1fk1fl1.jxl
s3://cellpainting-gallery/cpg0037-oasis/axiom/images/prod_26/images/plate_41002887/r06c23f13p01-ch2sk1fk1fl1.tiff	jpegxl-d1-e5/prod_26/images/plate_41002887/r06c23f13p01-ch2sk1fk1fl1.jxl
s3://cellpainting-gallery/cpg0037-oasis/axiom/images/prod_26/images/plate_41002887/r07c21f05p01-ch4sk1fk1fl1.tiff	jpegxl-d1-e5/prod_26/images/plate_41002887/r07c21f05p01-ch4sk1fk1fl1.jxl
s3://cellpainting-gallery/cpg0037-oasis/axiom/images/prod_26/images/plate_41002887/r08c12f09p01-ch2sk1fk1fl1.tiff	jpegxl-d1-e5/prod_26/images/plate_41002887/r08c12f09p01-ch2sk1fk1fl1.jxl
s3://cellpainting-gallery/cpg0037-oasis/axiom/images/prod_26/images/plate_41002887/r09c21f01p01-ch4sk1fk1fl1.tiff	jpegxl-d1-e5/prod_26/images/plate_41002887/r09c21f01p01-ch4sk1fk1fl1.jxl
s3://cellpainting-gallery/cpg0037-oasis/axiom/images/prod_26/images/plate_41002887/r09c24f08p01-ch1sk1fk1fl1.tiff	jpegxl-d1-e5/prod_26/images/plate_41002887/r09c24f08p01-ch1sk1fk1fl1.jxl
s3://cellpainting-gallery/cpg0037-oasis/axiom/images/prod_26/images/plate_41002887/r10c08f04p01-ch3sk1fk1fl1.tiff	jpegxl-d1-e5/prod_26/images/plate_41002887/r10c08f04p01-ch3sk1fk1fl1.jxl
s3://cellpainting-gallery/cpg0037-oasis/axiom/images/prod_26/images/plate_41002887/r10c14f14p01-ch4sk1fk1fl1.tiff	jpegxl-d1-e5/prod_26/images/plate_41002887/r10c14f14p01-ch4sk1fk1fl1.jxl
s3://cellpainting-gallery/cpg0037-oasis/axiom/images/prod_26/images/plate_41002887/r12c04f15p01-ch1sk1fk1fl1.tiff	jpegxl-d1-e5/prod_26/images/plate_41002887/r12c04f15p01-ch1sk1fk1fl1.jxl
s3://cellpainting-gallery/cpg0037-oasis/axiom/images/prod_26/images/plate_41002887/r12c05f14p01-ch6sk1fk1fl1.tiff	jpegxl-d1-e5/prod_26/images/plate_41002887/r12c05f14p01-ch6sk1fk1fl1.jxl
s3://cellpainting-gallery/cpg0037-oasis/axiom/images/prod_26/images/plate_41002887/r16c18f09p01-ch2sk1fk1fl1.tiff	jpegxl-d1-e5/prod_26/images/plate_41002887/r16c18f09p01-ch2sk1fk1fl1.jxl
s3://cellpainting-gallery/cpg0037-oasis/axiom/images/prod_26/images/plate_41002888/r01c20f07p01-ch4sk1fk1fl1.tiff	jpegxl-d1-e5/prod_26/images/plate_41002888/r01c20f07p01-ch4sk1fk1fl1.jxl
s3://cellpainting-gallery/cpg0037-oasis/axiom/images/prod_26/images/plate_41002888/r04c03f10p01-ch5sk1fk1fl1.tiff	jpegxl-d1-e5/prod_26/images/plate_41002888/r04c03f10p01-ch5sk1fk1fl1.jxl
s3://cellpainting-gallery/cpg0037-oasis/axiom/images/prod_26/images/plate_41002888/r06c17f05p01-ch1sk1fk1fl1.tiff	jpegxl-d1-e5/prod_26/images/plate_41002888/r06c17f05p01-ch1sk1fk1fl1.jxl
s3://cellpainting-gallery/cpg0037-oasis/axiom/images/prod_26/images/plate_41002888/r06c21f10p01-ch3sk1fk1fl1.tiff	jpegxl-d1-e5/prod_26/images/plate_41002888/r06c21f10p01-ch3sk1fk1fl1.jxl
s3://cellpainting-gallery/cpg0037-oasis/axiom/images/prod_26/images/plate_41002888/r08c04f09p01-ch3sk1fk1fl1.tiff	jpegxl-d1-e5/prod_26/images/plate_41002888/r08c04f09p01-ch3sk1fk1fl1.jxl
s3://cellpainting-gallery/cpg0037-oasis/axiom/images/prod_26/images/plate_41002888/r08c09f09p01-ch4sk1fk1fl1.tiff	jpegxl-d1-e5/prod_26/images/plate_41002888/r08c09f09p01-ch4sk1fk1fl1.jxl
s3://cellpainting-gallery/cpg0037-oasis/axiom/images/prod_26/images/plate_41002888/r08c10f05p01-ch3sk1fk1fl1.tiff	jpegxl-d1-e5/prod_26/images/plate_41002888/r08c10f05p01-ch3sk1fk1fl1.jxl
s3://cellpainting-gallery/cpg0037-oasis/axiom/images/prod_26/images/plate_41002888/r09c18f08p01-ch2sk1fk1fl1.tiff	jpegxl-d1-e5/prod_26/images/plate_41002888/r09c18f08p01-ch2sk1fk1fl1.jxl
s3://cellpainting-gallery/cpg0037-oasis/axiom/images/prod_26/images/plate_41002888/r09c24f06p01-ch6sk1fk1fl1.tiff	jpegxl-d1-e5/prod_26/images/plate_41002888/r09c24f06p01-ch6sk1fk1fl1.jxl
s3://cellpainting-gallery/cpg0037-oasis/axiom/images/prod_26/images/plate_41002888/r10c21f04p01-ch1sk1fk1fl1.tiff	jpegxl-d1-e5/prod_26/images/plate_41002888/r10c21f04p01-ch1sk1fk1fl1.jxl
s3://cellpainting-gallery/cpg0037-oasis/axiom/images/prod_26/images/plate_41002888/r11c12f04p01-ch5sk1fk1fl1.tiff	jpegxl-d1-e5/prod_26/images/plate_41002888/r11c12f04p01-ch5sk1fk1fl1.jxl
s3://cellpainting-gallery/cpg0037-oasis/axiom/images/prod_26/images/plate_41002888/r12c12f02p01-ch5sk1fk1fl1.tiff	jpegxl-d1-e5/prod_26/images/plate_41002888/r12c12f02p01-ch5sk1fk1fl1.jxl
s3://cellpainting-gallery/cpg0037-oasis/axiom/images/prod_26/images/plate_41002888/r14c10f01p01-ch4sk1fk1fl1.tiff	jpegxl-d1-e5/prod_26/images/plate_41002888/r14c10f01p01-ch4sk1fk1fl1.jxl
s3://cellpainting-gallery/cpg0037-oasis/axiom/images/prod_26/images/plate_41002888/r14c23f07p01-ch5sk1fk1fl1.tiff	jpegxl-d1-e5/prod_26/images/plate_41002888/r14c23f07p01-ch5sk1fk1fl1.jxl
s3://cellpainting-gallery/cpg0037-oasis/axiom/images/prod_26/images/plate_41002888/r16c15f07p01-ch5sk1fk1fl1.tiff	jpegxl-d1-e5/prod_26/images/plate_41002888/r16c15f07p01-ch5sk1fk1fl1.jxl
s3://cellpainting-gallery/cpg0037-oasis/axiom/images/prod_26/images/plate_41002889/r01c06f06p01-ch4sk1fk1fl1.tiff	jpegxl-d1-e5/prod_26/images/plate_41002889/r01c06f06p01-ch4sk1fk1fl1.jxl
s3://cellpainting-gallery/cpg0037-oasis/axiom/images/prod_26/images/plate_41002889/r02c02f07p01-ch5sk1fk1fl1.tiff	jpegxl-d1-e5/prod_26/images/plate_41002889/r02c02f07p01-ch5sk1fk1fl1.jxl
s3://cellpainting-gallery/cpg0037-oasis/axiom/images/prod_26/images/plate_41002889/r03c18f14p01-ch3sk1fk1fl1.tiff	jpegxl-d1-e5/prod_26/images/plate_41002889/r03c18f14p01-ch3sk1fk1fl1.jxl
s3://cellpainting-gallery/cpg0037-oasis/axiom/images/prod_26/images/plate_41002889/r03c24f07p01-ch6sk1fk1fl1.tiff	jpegxl-d1-e5/prod_26/images/plate_41002889/r03c24f07p01-ch6sk1fk1fl1.jxl
s3://cellpainting-gallery/cpg0037-oasis/axiom/images/prod_26/images/plate_41002889/r04c10f03p01-ch6sk1fk1fl1.tiff	jpegxl-d1-e5/prod_26/images/plate_41002889/r04c10f03p01-ch6sk1fk1fl1.jxl
s3://cellpainting-gallery/cpg0037-oasis/axiom/images/prod_26/images/plate_41002889/r04c17f04p01-ch3sk1fk1fl1.tiff	jpegxl-d1-e5/prod_26/images/plate_41002889/r04c17f04p01-ch3sk1fk1fl1.jxl
s3://cellpainting-gallery/cpg0037-oasis/axiom/images/prod_26/images/plate_41002889/r06c12f04p01-ch1sk1fk1fl1.tiff	jpegxl-d1-e5/prod_26/images/plate_41002889/r06c12f04p01-ch1sk1fk1fl1.jxl
s3://cellpainting-gallery/cpg0037-oasis/axiom/images/prod_26/images/plate_41002889/r07c13f06p01-ch3sk1fk1fl1.tiff	jpegxl-d1-e5/prod_26/images/plate_41002889/r07c13f06p01-ch3sk1fk1fl1.jxl
s3://cellpainting-gallery/cpg0037-oasis/axiom/images/prod_26/images/plate_41002889/r08c12f10p01-ch2sk1fk1fl1.tiff	jpegxl-d1-e5/prod_26/images/plate_41002889/r08c12f10p01-ch2sk1fk1fl1.jxl
s3://cellpainting-gallery/cpg0037-oasis/axiom/images/prod_26/images/plate_41002889/r14c03f15p01-ch3sk1fk1fl1.tiff	jpegxl-d1-e5/prod_26/images/plate_41002889/r14c03f15p01-ch3sk1fk1fl1.jxl
s3://cellpainting-gallery/cpg0037-oasis/axiom/images/prod_26/images/plate_41002889/r14c18f06p01-ch4sk1fk1fl1.tiff	jpegxl-d1-e5/prod_26/images/plate_41002889/r14c18f06p01-ch4sk1fk1fl1.jxl
s3://cellpainting-gallery/cpg0037-oasis/axiom/images/prod_26/images/plate_41002889/r16c15f10p01-ch1sk1fk1fl1.tiff	jpegxl-d1-e5/prod_26/images/plate_41002889/r16c15f10p01-ch1sk1fk1fl1.jxl
s3://cellpainting-gallery/cpg0037-oasis/axiom/images/prod_26/images/plate_41002890/r02c07f02p01-ch4sk1fk1fl1.tiff	jpegxl-d1-e5/prod_26/images/plate_41002890/r02c07f02p01-ch4sk1fk1fl1.jxl
s3://cellpainting-gallery/cpg0037-oasis/axiom/images/prod_26/images/plate_41002890/r02c09f13p01-ch5sk1fk1fl1.tiff	jpegxl-d1-e5/prod_26/images/plate_41002890/r02c09f13p01-ch5sk1fk1fl1.jxl
s3://cellpainting-gallery/cpg0037-oasis/axiom/images/prod_26/images/plate_41002890/r02c11f03p01-ch2sk1fk1fl1.tiff	jpegxl-d1-e5/prod_26/images/plate_41002890/r02c11f03p01-ch2sk1fk1fl1.jxl
s3://cellpainting-gallery/cpg0037-oasis/axiom/images/prod_26/images/plate_41002890/r03c22f05p01-ch6sk1fk1fl1.tiff	jpegxl-d1-e5/prod_26/images/plate_41002890/r03c22f05p01-ch6sk1fk1fl1.jxl
s3://cellpainting-gallery/cpg0037-oasis/axiom/images/prod_26/images/plate_41002890/r05c13f02p01-ch3sk1fk1fl1.tiff	jpegxl-d1-e5/prod_26/images/plate_41002890/r05c13f02p01-ch3sk1fk1fl1.jxl
s3://cellpainting-gallery/cpg0037-oasis/axiom/images/prod_26/images/plate_41002890/r06c11f10p01-ch5sk1fk1fl1.tiff	jpegxl-d1-e5/prod_26/images/plate_41002890/r06c11f10p01-ch5sk1fk1fl1.jxl
s3://cellpainting-gallery/cpg0037-oasis/axiom/images/prod_26/images/plate_41002890/r08c14f14p01-ch1sk1fk1fl1.tiff	jpegxl-d1-e5/prod_26/images/plate_41002890/r08c14f14p01-ch1sk1fk1fl1.jxl
s3://cellpainting-gallery/cpg0037-oasis/axiom/images/prod_26/images/plate_41002890/r09c19f13p01-ch3sk1fk1fl1.tiff	jpegxl-d1-e5/prod_26/images/plate_41002890/r09c19f13p01-ch3sk1fk1fl1.jxl
s3://cellpainting-gallery/cpg0037-oasis/axiom/images/prod_26/images/plate_41002890/r10c16f02p01-ch4sk1fk1fl1.tiff	jpegxl-d1-e5/prod_26/images/plate_41002890/r10c16f02p01-ch4sk1fk1fl1.jxl
s3://cellpainting-gallery/cpg0037-oasis/axiom/images/prod_26/images/plate_41002890/r10c17f05p01-ch6sk1fk1fl1.tiff	jpegxl-d1-e5/prod_26/images/plate_41002890/r10c17f05p01-ch6sk1fk1fl1.jxl
s3://cellpainting-gallery/cpg0037-oasis/axiom/images/prod_26/images/plate_41002890/r11c10f06p01-ch3sk1fk1fl1.tiff	jpegxl-d1-e5/prod_26/images/plate_41002890/r11c10f06p01-ch3sk1fk1fl1.jxl
s3://cellpainting-gallery/cpg0037-oasis/axiom/images/prod_26/images/plate_41002890/r14c13f02p01-ch5sk1fk1fl1.tiff	jpegxl-d1-e5/prod_26/images/plate_41002890/r14c13f02p01-ch5sk1fk1fl1.jxl
s3://cellpainting-gallery/cpg0037-oasis/axiom/images/prod_26/images/plate_41002890/r15c16f10p01-ch1sk1fk1fl1.tiff	jpegxl-d1-e5/prod_26/images/plate_41002890/r15c16f10p01-ch1sk1fk1fl1.jxl
s3://cellpainting-gallery/cpg0037-oasis/axiom/images/prod_26/images/plate_41002891/r01c09f07p01-ch3sk1fk1fl1.tiff	jpegxl-d1-e5/prod_26/images/plate_41002891/r01c09f07p01-ch3sk1fk1fl1.jxl
s3://cellpainting-gallery/cpg0037-oasis/axiom/images/prod_26/images/plate_41002891/r01c11f12p01-ch3sk1fk1fl1.tiff	jpegxl-d1-e5/prod_26/images/plate_41002891/r01c11f12p01-ch3sk1fk1fl1.jxl
s3://cellpainting-gallery/cpg0037-oasis/axiom/images/prod_26/images/plate_41002891/r02c19f11p01-ch4sk1fk1fl1.tiff	jpegxl-d1-e5/prod_26/images/plate_41002891/r02c19f11p01-ch4sk1fk1fl1.jxl
s3://cellpainting-gallery/cpg0037-oasis/axiom/images/prod_26/images/plate_41002891/r03c10f13p01-ch5sk1fk1fl1.tiff	jpegxl-d1-e5/prod_26/images/plate_41002891/r03c10f13p01-ch5sk1fk1fl1.jxl
s3://cellpainting-gallery/cpg0037-oasis/axiom/images/prod_26/images/plate_41002891/r14c20f07p01-ch1sk1fk1fl1.tiff	jpegxl-d1-e5/prod_26/images/plate_41002891/r14c20f07p01-ch1sk1fk1fl1.jxl
s3://cellpainting-gallery/cpg0037-oasis/axiom/images/prod_27/images/plate_41002892/r02c24f12p01-ch5sk1fk1fl1.tiff	jpegxl-d1-e5/prod_27/images/plate_41002892/r02c24f12p01-ch5sk1fk1fl1.jxl
s3://cellpainting-gallery/cpg0037-oasis/axiom/images/prod_27/images/plate_41002892/r03c24f06p01-ch5sk1fk1fl1.tiff	jpegxl-d1-e5/prod_27/images/plate_41002892/r03c24f06p01-ch5sk1fk1fl1.jxl
s3://cellpainting-gallery/cpg0037-oasis/axiom/images/prod_27/images/plate_41002892/r05c12f15p01-ch5sk1fk1fl1.tiff	jpegxl-d1-e5/prod_27/images/plate_41002892/r05c12f15p01-ch5sk1fk1fl1.jxl
s3://cellpainting-gallery/cpg0037-oasis/axiom/images/prod_27/images/plate_41002892/r05c14f03p01-ch5sk1fk1fl1.tiff	jpegxl-d1-e5/prod_27/images/plate_41002892/r05c14f03p01-ch5sk1fk1fl1.jxl
s3://cellpainting-gallery/cpg0037-oasis/axiom/images/prod_27/images/plate_41002892/r10c21f05p01-ch2sk1fk1fl1.tiff	jpegxl-d1-e5/prod_27/images/plate_41002892/r10c21f05p01-ch2sk1fk1fl1.jxl
s3://cellpainting-gallery/cpg0037-oasis/axiom/images/prod_27/images/plate_41002892/r11c10f04p01-ch1sk1fk1fl1.tiff	jpegxl-d1-e5/prod_27/images/plate_41002892/r11c10f04p01-ch1sk1fk1fl1.jxl
s3://cellpainting-gallery/cpg0037-oasis/axiom/images/prod_27/images/plate_41002892/r11c24f11p01-ch5sk1fk1fl1.tiff	jpegxl-d1-e5/prod_27/images/plate_41002892/r11c24f11p01-ch5sk1fk1fl1.jxl
s3://cellpainting-gallery/cpg0037-oasis/axiom/images/prod_27/images/plate_41002892/r13c05f15p01-ch5sk1fk1fl1.tiff	jpegxl-d1-e5/prod_27/images/plate_41002892/r13c05f15p01-ch5sk1fk1fl1.jxl
s3://cellpainting-gallery/cpg0037-oasis/axiom/images/prod_27/images/plate_41002892/r16c16f09p01-ch6sk1fk1fl1.tiff	jpegxl-d1-e5/prod_27/images/plate_41002892/r16c16f09p01-ch6sk1fk1fl1.jxl
s3://cellpainting-gallery/cpg0037-oasis/axiom/images/prod_27/images/plate_41002893/r01c03f14p01-ch3sk1fk1fl1.tiff	jpegxl-d1-e5/prod_27/images/plate_41002893/r01c03f14p01-ch3sk1fk1fl1.jxl
s3://cellpainting-gallery/cpg0037-oasis/axiom/images/prod_27/images/plate_41002893/r01c12f07p01-ch1sk1fk1fl1.tiff	jpegxl-d1-e5/prod_27/images/plate_41002893/r01c12f07p01-ch1sk1fk1fl1.jxl
s3://cellpainting-gallery/cpg0037-oasis/axiom/images/prod_27/images/plate_41002893/r02c01f05p01-ch1sk1fk1fl1.tiff	jpegxl-d1-e5/prod_27/images/plate_41002893/r02c01f05p01-ch1sk1fk1fl1.jxl
s3://cellpainting-gallery/cpg0037-oasis/axiom/images/prod_27/images/plate_41002893/r03c19f11p01-ch1sk1fk1fl1.tiff	jpegxl-d1-e5/prod_27/images/plate_41002893/r03c19f11p01-ch1sk1fk1fl1.jxl
s3://cellpainting-gallery/cpg0037-oasis/axiom/images/prod_27/images/plate_41002893/r04c08f09p01-ch1sk1fk1fl1.tiff	jpegxl-d1-e5/prod_27/images/plate_41002893/r04c08f09p01-ch1sk1fk1fl1.jxl
s3://cellpainting-gallery/cpg0037-oasis/axiom/images/prod_27/images/plate_41002893/r06c10f11p01-ch4sk1fk1fl1.tiff	jpegxl-d1-e5/prod_27/images/plate_41002893/r06c10f11p01-ch4sk1fk1fl1.jxl
s3://cellpainting-gallery/cpg0037-oasis/axiom/images/prod_27/images/plate_41002893/r08c09f05p01-ch3sk1fk1fl1.tiff	jpegxl-d1-e5/prod_27/images/plate_41002893/r08c09f05p01-ch3sk1fk1fl1.jxl
s3://cellpainting-gallery/cpg0037-oasis/axiom/images/prod_27/images/plate_41002893/r09c06f09p01-ch1sk1fk1fl1.tiff	jpegxl-d1-e5/prod_27/images/plate_41002893/r09c06f09p01-ch1sk1fk1fl1.jxl
s3://cellpainting-gallery/cpg0037-oasis/axiom/images/prod_27/images/plate_41002893/r09c07f10p01-ch5sk1fk1fl1.tiff	jpegxl-d1-e5/prod_27/images/plate_41002893/r09c07f10p01-ch5sk1fk1fl1.jxl
s3://cellpainting-gallery/cpg0037-oasis/axiom/images/prod_27/images/plate_41002893/r10c15f05p01-ch6sk1fk1fl1.tiff	jpegxl-d1-e5/prod_27/images/plate_41002893/r10c15f05p01-ch6sk1fk1fl1.jxl
s3://cellpainting-gallery/cpg0037-oasis/axiom/images/prod_27/images/plate_41002893/r10c20f01p01-ch6sk1fk1fl1.tiff	jpegxl-d1-e5/prod_27/images/plate_41002893/r10c20f01p01-ch6sk1fk1fl1.jxl
s3://cellpainting-gallery/cpg0037-oasis/axiom/images/prod_27/images/plate_41002893/r10c24f12p01-ch1sk1fk1fl1.tiff	jpegxl-d1-e5/prod_27/images/plate_41002893/r10c24f12p01-ch1sk1fk1fl1.jxl
s3://cellpainting-gallery/cpg0037-oasis/axiom/images/prod_27/images/plate_41002893/r11c21f09p01-ch2sk1fk1fl1.tiff	jpegxl-d1-e5/prod_27/images/plate_41002893/r11c21f09p01-ch2sk1fk1fl1.jxl
s3://cellpainting-gallery/cpg0037-oasis/axiom/images/prod_27/images/plate_41002893/r12c10f02p01-ch4sk1fk1fl1.tiff	jpegxl-d1-e5/prod_27/images/plate_41002893/r12c10f02p01-ch4sk1fk1fl1.jxl
s3://cellpainting-gallery/cpg0037-oasis/axiom/images/prod_27/images/plate_41002893/r13c02f09p01-ch5sk1fk1fl1.tiff	jpegxl-d1-e5/prod_27/images/plate_41002893/r13c02f09p01-ch5sk1fk1fl1.jxl
s3://cellpainting-gallery/cpg0037-oasis/axiom/images/prod_27/images/plate_41002893/r14c09f02p01-ch5sk1fk1fl1.tiff	jpegxl-d1-e5/prod_27/images/plate_41002893/r14c09f02p01-ch5sk1fk1fl1.jxl
s3://cellpainting-gallery/cpg0037-oasis/axiom/images/prod_27/images/plate_41002893/r15c08f03p01-ch4sk1fk1fl1.tiff	jpegxl-d1-e5/prod_27/images/plate_41002893/r15c08f03p01-ch4sk1fk1fl1.jxl
s3://cellpainting-gallery/cpg0037-oasis/axiom/images/prod_27/images/plate_41002893/r16c05f15p01-ch3sk1fk1fl1.tiff	jpegxl-d1-e5/prod_27/images/plate_41002893/r16c05f15p01-ch3sk1fk1fl1.jxl
s3://cellpainting-gallery/cpg0037-oasis/axiom/images/prod_27/images/plate_41002893/r16c10f03p01-ch1sk1fk1fl1.tiff	jpegxl-d1-e5/prod_27/images/plate_41002893/r16c10f03p01-ch1sk1fk1fl1.jxl
s3://cellpainting-gallery/cpg0037-oasis/axiom/images/prod_27/images/plate_41002894/r02c04f10p01-ch5sk1fk1fl1.tiff	jpegxl-d1-e5/prod_27/images/plate_41002894/r02c04f10p01-ch5sk1fk1fl1.jxl
s3://cellpainting-gallery/cpg0037-oasis/axiom/images/prod_27/images/plate_41002894/r02c08f06p01-ch3sk1fk1fl1.tiff	jpegxl-d1-e5/prod_27/images/plate_41002894/r02c08f06p01-ch3sk1fk1fl1.jxl
s3://cellpainting-gallery/cpg0037-oasis/axiom/images/prod_27/images/plate_41002894/r03c08f04p01-ch3sk1fk1fl1.tiff	jpegxl-d1-e5/prod_27/images/plate_41002894/r03c08f04p01-ch3sk1fk1fl1.jxl
s3://cellpainting-gallery/cpg0037-oasis/axiom/images/prod_27/images/plate_41002894/r03c14f04p01-ch5sk1fk1fl1.tiff	jpegxl-d1-e5/prod_27/images/plate_41002894/r03c14f04p01-ch5sk1fk1fl1.jxl
s3://cellpainting-gallery/cpg0037-oasis/axiom/images/prod_27/images/plate_41002894/r04c02f13p01-ch4sk1fk1fl1.tiff	jpegxl-d1-e5/prod_27/images/plate_41002894/r04c02f13p01-ch4sk1fk1fl1.jxl
s3://cellpainting-gallery/cpg0037-oasis/axiom/images/prod_27/images/plate_41002894/r04c18f11p01-ch1sk1fk1fl1.tiff	jpegxl-d1-e5/prod_27/images/plate_41002894/r04c18f11p01-ch1sk1fk1fl1.jxl
s3://cellpainting-gallery/cpg0037-oasis/axiom/images/prod_27/images/plate_41002894/r04c20f03p01-ch5sk1fk1fl1.tiff	jpegxl-d1-e5/prod_27/images/plate_41002894/r04c20f03p01-ch5sk1fk1fl1.jxl
s3://cellpainting-gallery/cpg0037-oasis/axiom/images/prod_27/images/plate_41002894/r05c08f08p01-ch4sk1fk1fl1.tiff	jpegxl-d1-e5/prod_27/images/plate_41002894/r05c08f08p01-ch4sk1fk1fl1.jxl
s3://cellpainting-gallery/cpg0037-oasis/axiom/images/prod_27/images/plate_41002894/r05c18f04p01-ch1sk1fk1fl1.tiff	jpegxl-d1-e5/prod_27/images/plate_41002894/r05c18f04p01-ch1sk1fk1fl1.jxl
s3://cellpainting-gallery/cpg0037-oasis/axiom/images/prod_27/images/plate_41002894/r08c09f05p01-ch2sk1fk1fl1.tiff	jpegxl-d1-e5/prod_27/images/plate_41002894/r08c09f05p01-ch2sk1fk1fl1.jxl
s3://cellpainting-gallery/cpg0037-oasis/axiom/images/prod_27/images/plate_41002894/r09c09f10p01-ch5sk1fk1fl1.tiff	jpegxl-d1-e5/prod_27/images/plate_41002894/r09c09f10p01-ch5sk1fk1fl1.jxl
s3://cellpainting-gallery/cpg0037-oasis/axiom/images/prod_27/images/plate_41002894/r09c15f03p01-ch2sk1fk1fl1.tiff	jpegxl-d1-e5/prod_27/images/plate_41002894/r09c15f03p01-ch2sk1fk1fl1.jxl
s3://cellpainting-gallery/cpg0037-oasis/axiom/images/prod_27/images/plate_41002894/r10c08f06p01-ch4sk1fk1fl1.tiff	jpegxl-d1-e5/prod_27/images/plate_41002894/r10c08f06p01-ch4sk1fk1fl1.jxl
s3://cellpainting-gallery/cpg0037-oasis/axiom/images/prod_27/images/plate_41002894/r13c10f08p01-ch4sk1fk1fl1.tiff	jpegxl-d1-e5/prod_27/images/plate_41002894/r13c10f08p01-ch4sk1fk1fl1.jxl
s3://cellpainting-gallery/cpg0037-oasis/axiom/images/prod_27/images/plate_41002894/r13c20f14p01-ch2sk1fk1fl1.tiff	jpegxl-d1-e5/prod_27/images/plate_41002894/r13c20f14p01-ch2sk1fk1fl1.jxl
s3://cellpainting-gallery/cpg0037-oasis/axiom/images/prod_27/images/plate_41002894/r14c17f12p01-ch6sk1fk1fl1.tiff	jpegxl-d1-e5/prod_27/images/plate_41002894/r14c17f12p01-ch6sk1fk1fl1.jxl
s3://cellpainting-gallery/cpg0037-oasis/axiom/images/prod_27/images/plate_41002894/r14c20f05p01-ch1sk1fk1fl1.tiff	jpegxl-d1-e5/prod_27/images/plate_41002894/r14c20f05p01-ch1sk1fk1fl1.jxl
s3://cellpainting-gallery/cpg0037-oasis/axiom/images/prod_27/images/plate_41002894/r15c23f07p01-ch1sk1fk1fl1.tiff	jpegxl-d1-e5/prod_27/images/plate_41002894/r15c23f07p01-ch1sk1fk1fl1.jxl
s3://cellpainting-gallery/cpg0037-oasis/axiom/images/prod_27/images/plate_41002894/r16c01f11p01-ch3sk1fk1fl1.tiff	jpegxl-d1-e5/prod_27/images/plate_41002894/r16c01f11p01-ch3sk1fk1fl1.jxl
s3://cellpainting-gallery/cpg0037-oasis/axiom/images/prod_27/images/plate_41002895/r03c11f03p01-ch1sk1fk1fl1.tiff	jpegxl-d1-e5/prod_27/images/plate_41002895/r03c11f03p01-ch1sk1fk1fl1.jxl
s3://cellpainting-gallery/cpg0037-oasis/axiom/images/prod_27/images/plate_41002895/r05c13f06p01-ch3sk1fk1fl1.tiff	jpegxl-d1-e5/prod_27/images/plate_41002895/r05c13f06p01-ch3sk1fk1fl1.jxl
s3://cellpainting-gallery/cpg0037-oasis/axiom/images/prod_27/images/plate_41002895/r08c08f09p01-ch5sk1fk1fl1.tiff	jpegxl-d1-e5/prod_27/images/plate_41002895/r08c08f09p01-ch5sk1fk1fl1.jxl
s3://cellpainting-gallery/cpg0037-oasis/axiom/images/prod_27/images/plate_41002895/r08c14f08p01-ch5sk1fk1fl1.tiff	jpegxl-d1-e5/prod_27/images/plate_41002895/r08c14f08p01-ch5sk1fk1fl1.jxl
s3://cellpainting-gallery/cpg0037-oasis/axiom/images/prod_27/images/plate_41002895/r11c12f03p01-ch3sk1fk1fl1.tiff	jpegxl-d1-e5/prod_27/images/plate_41002895/r11c12f03p01-ch3sk1fk1fl1.jxl
s3://cellpainting-gallery/cpg0037-oasis/axiom/images/prod_27/images/plate_41002895/r11c21f04p01-ch2sk1fk1fl1.tiff	jpegxl-d1-e5/prod_27/images/plate_41002895/r11c21f04p01-ch2sk1fk1fl1.jxl
s3://cellpainting-gallery/cpg0037-oasis/axiom/images/prod_27/images/plate_41002895/r12c12f02p01-ch4sk1fk1fl1.tiff	jpegxl-d1-e5/prod_27/images/plate_41002895/r12c12f02p01-ch4sk1fk1fl1.jxl
s3://cellpainting-gallery/cpg0037-oasis/axiom/images/prod_27/images/plate_41002895/r14c20f09p01-ch3sk1fk1fl1.tiff	jpegxl-d1-e5/prod_27/images/plate_41002895/r14c20f09p01-ch3sk1fk1fl1.jxl
s3://cellpainting-gallery/cpg0037-oasis/axiom/images/prod_27/images/plate_41002895/r15c09f10p01-ch2sk1fk1fl1.tiff	jpegxl-d1-e5/prod_27/images/plate_41002895/r15c09f10p01-ch2sk1fk1fl1.jxl
s3://cellpainting-gallery/cpg0037-oasis/axiom/images/prod_27/images/plate_41002895/r15c10f01p01-ch1sk1fk1fl1.tiff	jpegxl-d1-e5/prod_27/images/plate_41002895/r15c10f01p01-ch1sk1fk1fl1.jxl
s3://cellpainting-gallery/cpg0037-oasis/axiom/images/prod_27/images/plate_41002895/r16c15f07p01-ch3sk1fk1fl1.tiff	jpegxl-d1-e5/prod_27/images/plate_41002895/r16c15f07p01-ch3sk1fk1fl1.jxl
s3://cellpainting-gallery/cpg0037-oasis/axiom/images/prod_27/images/plate_41002895/r16c17f01p01-ch4sk1fk1fl1.tiff	jpegxl-d1-e5/prod_27/images/plate_41002895/r16c17f01p01-ch4sk1fk1fl1.jxl
s3://cellpainting-gallery/cpg0037-oasis/axiom/images/prod_27/images/plate_41002896/r02c21f05p01-ch6sk1fk1fl1.tiff	jpegxl-d1-e5/prod_27/images/plate_41002896/r02c21f05p01-ch6sk1fk1fl1.jxl
s3://cellpainting-gallery/cpg0037-oasis/axiom/images/prod_27/images/plate_41002896/r03c24f10p01-ch1sk1fk1fl1.tiff	jpegxl-d1-e5/prod_27/images/plate_41002896/r03c24f10p01-ch1sk1fk1fl1.jxl
s3://cellpainting-gallery/cpg0037-oasis/axiom/images/prod_27/images/plate_41002896/r04c10f01p01-ch3sk1fk1fl1.tiff	jpegxl-d1-e5/prod_27/images/plate_41002896/r04c10f01p01-ch3sk1fk1fl1.jxl
s3://cellpainting-gallery/cpg0037-oasis/axiom/images/prod_27/images/plate_41002896/r05c03f13p01-ch3sk1fk1fl1.tiff	jpegxl-d1-e5/prod_27/images/plate_41002896/r05c03f13p01-ch3sk1fk1fl1.jxl
s3://cellpainting-gallery/cpg0037-oasis/axiom/images/prod_27/images/plate_41002896/r05c11f01p01-ch4sk1fk1fl1.tiff	jpegxl-d1-e5/prod_27/images/plate_41002896/r05c11f01p01-ch4sk1fk1fl1.jxl
s3://cellpainting-gallery/cpg0037-oasis/axiom/images/prod_27/images/plate_41002896/r05c13f03p01-ch4sk1fk1fl1.tiff	jpegxl-d1-e5/prod_27/images/plate_41002896/r05c13f03p01-ch4sk1fk1fl1.jxl
s3://cellpainting-gallery/cpg0037-oasis/axiom/images/prod_27/images/plate_41002896/r05c24f07p01-ch3sk1fk1fl1.tiff	jpegxl-d1-e5/prod_27/images/plate_41002896/r05c24f07p01-ch3sk1fk1fl1.jxl
s3://cellpainting-gallery/cpg0037-oasis/axiom/images/prod_27/images/plate_41002896/r06c06f08p01-ch6sk1fk1fl1.tiff	jpegxl-d1-e5/prod_27/images/plate_41002896/r06c06f08p01-ch6sk1fk1fl1.jxl
s3://cellpainting-gallery/cpg0037-oasis/axiom/images/prod_27/images/plate_41002896/r06c21f13p01-ch1sk1fk1fl1.tiff	jpegxl-d1-e5/prod_27/images/plate_41002896/r06c21f13p01-ch1sk1fk1fl1.jxl
s3://cellpainting-gallery/cpg0037-oasis/axiom/images/prod_27/images/plate_41002896/r08c01f13p01-ch3sk1fk1fl1.tiff	jpegxl-d1-e5/prod_27/images/plate_41002896/r08c01f13p01-ch3sk1fk1fl1.jxl
s3://cellpainting-gallery/cpg0037-oasis/axiom/images/prod_27/images/plate_41002896/r08c17f08p01-ch4sk1fk1fl1.tiff	jpegxl-d1-e5/prod_27/images/plate_41002896/r08c17f08p01-ch4sk1fk1fl1.jxl
s3://cellpainting-gallery/cpg0037-oasis/axiom/images/prod_27/images/plate_41002896/r09c01f02p01-ch4sk1fk1fl1.tiff	jpegxl-d1-e5/prod_27/images/plate_41002896/r09c01f02p01-ch4sk1fk1fl1.jxl
s3://cellpainting-gallery/cpg0037-oasis/axiom/images/prod_27/images/plate_41002896/r10c09f14p01-ch6sk1fk1fl1.tiff	jpegxl-d1-e5/prod_27/images/plate_41002896/r10c09f14p01-ch6sk1fk1fl1.jxl
s3://cellpainting-gallery/cpg0037-oasis/axiom/images/prod_27/images/plate_41002896/r10c19f10p01-ch2sk1fk1fl1.tiff	jpegxl-d1-e5/prod_27/images/plate_41002896/r10c19f10p01-ch2sk1fk1fl1.jxl
s3://cellpainting-gallery/cpg0037-oasis/axiom/images/prod_27/images/plate_41002896/r12c16f09p01-ch4sk1fk1fl1.tiff	jpegxl-d1-e5/prod_27/images/plate_41002896/r12c16f09p01-ch4sk1fk1fl1.jxl
s3://cellpainting-gallery/cpg0037-oasis/axiom/images/prod_27/images/plate_41002896/r13c22f13p01-ch5sk1fk1fl1.tiff	jpegxl-d1-e5/prod_27/images/plate_41002896/r13c22f13p01-ch5sk1fk1fl1.jxl
s3://cellpainting-gallery/cpg0037-oasis/axiom/images/prod_27/images/plate_41002896/r15c04f13p01-ch5sk1fk1fl1.tiff	jpegxl-d1-e5/prod_27/images/plate_41002896/r15c04f13p01-ch5sk1fk1fl1.jxl
s3://cellpainting-gallery/cpg0037-oasis/axiom/images/prod_27/images/plate_41002896/r15c24f06p01-ch4sk1fk1fl1.tiff	jpegxl-d1-e5/prod_27/images/plate_41002896/r15c24f06p01-ch4sk1fk1fl1.jxl
s3://cellpainting-gallery/cpg0037-oasis/axiom/images/prod_27/images/plate_41002896/r16c07f03p01-ch2sk1fk1fl1.tiff	jpegxl-d1-e5/prod_27/images/plate_41002896/r16c07f03p01-ch2sk1fk1fl1.jxl
s3://cellpainting-gallery/cpg0037-oasis/axiom/images/prod_27/images/plate_41002896/r16c18f11p01-ch3sk1fk1fl1.tiff	jpegxl-d1-e5/prod_27/images/plate_41002896/r16c18f11p01-ch3sk1fk1fl1.jxl
s3://cellpainting-gallery/cpg0037-oasis/axiom/images/prod_27/images/plate_41002897/r01c14f06p01-ch6sk1fk1fl1.tiff	jpegxl-d1-e5/prod_27/images/plate_41002897/r01c14f06p01-ch6sk1fk1fl1.jxl
s3://cellpainting-gallery/cpg0037-oasis/axiom/images/prod_27/images/plate_41002897/r02c12f05p01-ch3sk1fk1fl1.tiff	jpegxl-d1-e5/prod_27/images/plate_41002897/r02c12f05p01-ch3sk1fk1fl1.jxl
s3://cellpainting-gallery/cpg0037-oasis/axiom/images/prod_27/images/plate_41002897/r07c13f06p01-ch6sk1fk1fl1.tiff	jpegxl-d1-e5/prod_27/images/plate_41002897/r07c13f06p01-ch6sk1fk1fl1.jxl
s3://cellpainting-gallery/cpg0037-oasis/axiom/images/prod_27/images/plate_41002897/r08c01f02p01-ch3sk1fk1fl1.tiff	jpegxl-d1-e5/prod_27/images/plate_41002897/r08c01f02p01-ch3sk1fk1fl1.jxl
s3://cellpainting-gallery/cpg0037-oasis/axiom/images/prod_27/images/plate_41002897/r08c03f07p01-ch3sk1fk1fl1.tiff	jpegxl-d1-e5/prod_27/images/plate_41002897/r08c03f07p01-ch3sk1fk1fl1.jxl
s3://cellpainting-gallery/cpg0037-oasis/axiom/images/prod_27/images/plate_41002897/r09c07f13p01-ch2sk1fk1fl1.tiff	jpegxl-d1-e5/prod_27/images/plate_41002897/r09c07f13p01-ch2sk1fk1fl1.jxl
s3://cellpainting-gallery/cpg0037-oasis/axiom/images/prod_27/images/plate_41002897/r12c18f09p01-ch1sk1fk1fl1.tiff	jpegxl-d1-e5/prod_27/images/plate_41002897/r12c18f09p01-ch1sk1fk1fl1.jxl
s3://cellpainting-gallery/cpg0037-oasis/axiom/images/prod_27/images/plate_41002897/r14c22f03p01-ch1sk1fk1fl1.tiff	jpegxl-d1-e5/prod_27/images/plate_41002897/r14c22f03p01-ch1sk1fk1fl1.jxl
s3://cellpainting-gallery/cpg0037-oasis/axiom/images/prod_27/images/plate_41002898/r03c02f15p01-ch2sk1fk1fl1.tiff	jpegxl-d1-e5/prod_27/images/plate_41002898/r03c02f15p01-ch2sk1fk1fl1.jxl
s3://cellpainting-gallery/cpg0037-oasis/axiom/images/prod_27/images/plate_41002898/r03c04f05p01-ch1sk1fk1fl1.tiff	jpegxl-d1-e5/prod_27/images/plate_41002898/r03c04f05p01-ch1sk1fk1fl1.jxl
s3://cellpainting-gallery/cpg0037-oasis/axiom/images/prod_27/images/plate_41002898/r04c21f13p01-ch1sk1fk1fl1.tiff	jpegxl-d1-e5/prod_27/images/plate_41002898/r04c21f13p01-ch1sk1fk1fl1.jxl
s3://cellpainting-gallery/cpg0037-oasis/axiom/images/prod_27/images/plate_41002898/r05c14f12p01-ch6sk1fk1fl1.tiff	jpegxl-d1-e5/prod_27/images/plate_41002898/r05c14f12p01-ch6sk1fk1fl1.jxl
s3://cellpainting-gallery/cpg0037-oasis/axiom/images/prod_27/images/plate_41002898/r06c03f02p01-ch6sk1fk1fl1.tiff	jpegxl-d1-e5/prod_27/images/plate_41002898/r06c03f02p01-ch6sk1fk1fl1.jxl
s3://cellpainting-gallery/cpg0037-oasis/axiom/images/prod_27/images/plate_41002898/r07c07f15p01-ch4sk1fk1fl1.tiff	jpegxl-d1-e5/prod_27/images/plate_41002898/r07c07f15p01-ch4sk1fk1fl1.jxl
s3://cellpainting-gallery/cpg0037-oasis/axiom/images/prod_27/images/plate_41002898/r09c21f09p01-ch4sk1fk1fl1.tiff	jpegxl-d1-e5/prod_27/images/plate_41002898/r09c21f09p01-ch4sk1fk1fl1.jxl
s3://cellpainting-gallery/cpg0037-oasis/axiom/images/prod_27/images/plate_41002898/r11c06f01p01-ch3sk1fk1fl1.tiff	jpegxl-d1-e5/prod_27/images/plate_41002898/r11c06f01p01-ch3sk1fk1fl1.jxl
s3://cellpainting-gallery/cpg0037-oasis/axiom/images/prod_27/images/plate_41002898/r12c21f07p01-ch2sk1fk1fl1.tiff	jpegxl-d1-e5/prod_27/images/plate_41002898/r12c21f07p01-ch2sk1fk1fl1.jxl
s3://cellpainting-gallery/cpg0037-oasis/axiom/images/prod_27/images/plate_41002898/r13c15f11p01-ch2sk1fk1fl1.tiff	jpegxl-d1-e5/prod_27/images/plate_41002898/r13c15f11p01-ch2sk1fk1fl1.jxl
s3://cellpainting-gallery/cpg0037-oasis/axiom/images/prod_27/images/plate_41002898/r13c17f06p01-ch3sk1fk1fl1.tiff	jpegxl-d1-e5/prod_27/images/plate_41002898/r13c17f06p01-ch3sk1fk1fl1.jxl
s3://cellpainting-gallery/cpg0037-oasis/axiom/images/prod_27/images/plate_41002898/r14c05f06p01-ch1sk1fk1fl1.tiff	jpegxl-d1-e5/prod_27/images/plate_41002898/r14c05f06p01-ch1sk1fk1fl1.jxl
s3://cellpainting-gallery/cpg0037-oasis/axiom/images/prod_27/images/plate_41002898/r14c16f09p01-ch5sk1fk1fl1.tiff	jpegxl-d1-e5/prod_27/images/plate_41002898/r14c16f09p01-ch5sk1fk1fl1.jxl
s3://cellpainting-gallery/cpg0037-oasis/axiom/images/prod_27/images/plate_41002898/r16c03f13p01-ch5sk1fk1fl1.tiff	jpegxl-d1-e5/prod_27/images/plate_41002898/r16c03f13p01-ch5sk1fk1fl1.jxl
s3://cellpainting-gallery/cpg0037-oasis/axiom/images/prod_27/images/plate_41002898/r16c23f14p01-ch1sk1fk1fl1.tiff	jpegxl-d1-e5/prod_27/images/plate_41002898/r16c23f14p01-ch1sk1fk1fl1.jxl
s3://cellpainting-gallery/cpg0037-oasis/axiom/images/prod_27/images/plate_41002899/r01c11f13p01-ch3sk1fk1fl1.tiff	jpegxl-d1-e5/prod_27/images/plate_41002899/r01c11f13p01-ch3sk1fk1fl1.jxl
s3://cellpainting-gallery/cpg0037-oasis/axiom/images/prod_27/images/plate_41002899/r02c06f01p01-ch1sk1fk1fl1.tiff	jpegxl-d1-e5/prod_27/images/plate_41002899/r02c06f01p01-ch1sk1fk1fl1.jxl
s3://cellpainting-gallery/cpg0037-oasis/axiom/images/prod_27/images/plate_41002899/r02c09f02p01-ch6sk1fk1fl1.tiff	jpegxl-d1-e5/prod_27/images/plate_41002899/r02c09f02p01-ch6sk1fk1fl1.jxl
s3://cellpainting-gallery/cpg0037-oasis/axiom/images/prod_27/images/plate_41002899/r02c15f13p01-ch3sk1fk1fl1.tiff	jpegxl-d1-e5/prod_27/images/plate_41002899/r02c15f13p01-ch3sk1fk1fl1.jxl
s3://cellpainting-gallery/cpg0037-oasis/axiom/images/prod_27/images/plate_41002899/r02c17f07p01-ch5sk1fk1fl1.tiff	jpegxl-d1-e5/prod_27/images/plate_41002899/r02c17f07p01-ch5sk1fk1fl1.jxl
s3://cellpainting-gallery/cpg0037-oasis/axiom/images/prod_27/images/plate_41002899/r03c11f08p01-ch5sk1fk1fl1.tiff	jpegxl-d1-e5/prod_27/images/plate_41002899/r03c11f08p01-ch5sk1fk1fl1.jxl
s3://cellpainting-gallery/cpg0037-oasis/axiom/images/prod_27/images/plate_41002899/r05c15f15p01-ch4sk1fk1fl1.tiff	jpegxl-d1-e5/prod_27/images/plate_41002899/r05c15f15p01-ch4sk1fk1fl1.jxl
s3://cellpainting-gallery/cpg0037-oasis/axiom/images/prod_27/images/plate_41002899/r06c12f15p01-ch1sk1fk1fl1.tiff	jpegxl-d1-e5/prod_27/images/plate_41002899/r06c12f15p01-ch1sk1fk1fl1.jxl
s3://cellpainting-gallery/cpg0037-oasis/axiom/images/prod_27/images/plate_41002899/r07c09f03p01-ch4sk1fk1fl1.tiff	jpegxl-d1-e5/prod_27/images/plate_41002899/r07c09f03p01-ch4sk1fk1fl1.jxl
s3://cellpainting-gallery/cpg0037-oasis/axiom/images/prod_27/images/plate_41002899/r07c16f03p01-ch6sk1fk1fl1.tiff	jpegxl-d1-e5/prod_27/images/plate_41002899/r07c16f03p01-ch6sk1fk1fl1.jxl
s3://cellpainting-gallery/cpg0037-oasis/axiom/images/prod_27/images/plate_41002899/r08c16f03p01-ch2sk1fk1fl1.tiff	jpegxl-d1-e5/prod_27/images/plate_41002899/r08c16f03p01-ch2sk1fk1fl1.jxl
s3://cellpainting-gallery/cpg0037-oasis/axiom/images/prod_27/images/plate_41002899/r08c17f05p01-ch6sk1fk1fl1.tiff	jpegxl-d1-e5/prod_27/images/plate_41002899/r08c17f05p01-ch6sk1fk1fl1.jxl
s3://cellpainting-gallery/cpg0037-oasis/axiom/images/prod_27/images/plate_41002899/r09c19f06p01-ch3sk1fk1fl1.tiff	jpegxl-d1-e5/prod_27/images/plate_41002899/r09c19f06p01-ch3sk1fk1fl1.jxl
s3://cellpainting-gallery/cpg0037-oasis/axiom/images/prod_27/images/plate_41002899/r09c24f08p01-ch3sk1fk1fl1.tiff	jpegxl-d1-e5/prod_27/images/plate_41002899/r09c24f08p01-ch3sk1fk1fl1.jxl
s3://cellpainting-gallery/cpg0037-oasis/axiom/images/prod_27/images/plate_41002899/r12c09f06p01-ch1sk1fk1fl1.tiff	jpegxl-d1-e5/prod_27/images/plate_41002899/r12c09f06p01-ch1sk1fk1fl1.jxl
s3://cellpainting-gallery/cpg0037-oasis/axiom/images/prod_27/images/plate_41002899/r12c10f08p01-ch3sk1fk1fl1.tiff	jpegxl-d1-e5/prod_27/images/plate_41002899/r12c10f08p01-ch3sk1fk1fl1.jxl
s3://cellpainting-gallery/cpg0037-oasis/axiom/images/prod_27/images/plate_41002899/r12c16f12p01-ch1sk1fk1fl1.tiff	jpegxl-d1-e5/prod_27/images/plate_41002899/r12c16f12p01-ch1sk1fk1fl1.jxl
s3://cellpainting-gallery/cpg0037-oasis/axiom/images/prod_27/images/plate_41002899/r13c10f01p01-ch5sk1fk1fl1.tiff	jpegxl-d1-e5/prod_27/images/plate_41002899/r13c10f01p01-ch5sk1fk1fl1.jxl
s3://cellpainting-gallery/cpg0037-oasis/axiom/images/prod_27/images/plate_41002899/r14c02f05p01-ch2sk1fk1fl1.tiff	jpegxl-d1-e5/prod_27/images/plate_41002899/r14c02f05p01-ch2sk1fk1fl1.jxl
s3://cellpainting-gallery/cpg0037-oasis/axiom/images/prod_27/images/plate_41002899/r16c14f09p01-ch3sk1fk1fl1.tiff	jpegxl-d1-e5/prod_27/images/plate_41002899/r16c14f09p01-ch3sk1fk1fl1.jxl
s3://cellpainting-gallery/cpg0037-oasis/axiom/images/prod_27/images/plate_41002899/r16c18f07p01-ch2sk1fk1fl1.tiff	jpegxl-d1-e5/prod_27/images/plate_41002899/r16c18f07p01-ch2sk1fk1fl1.jxl
s3://cellpainting-gallery/cpg0037-oasis/axiom/images/prod_27/images/plate_41002900/r01c16f14p01-ch5sk1fk1fl1.tiff	jpegxl-d1-e5/prod_27/images/plate_41002900/r01c16f14p01-ch5sk1fk1fl1.jxl
s3://cellpainting-gallery/cpg0037-oasis/axiom/images/prod_27/images/plate_41002900/r01c20f01p01-ch5sk1fk1fl1.tiff	jpegxl-d1-e5/prod_27/images/plate_41002900/r01c20f01p01-ch5sk1fk1fl1.jxl
s3://cellpainting-gallery/cpg0037-oasis/axiom/images/prod_27/images/plate_41002900/r02c10f02p01-ch4sk1fk1fl1.tiff	jpegxl-d1-e5/prod_27/images/plate_41002900/r02c10f02p01-ch4sk1fk1fl1.jxl
s3://cellpainting-gallery/cpg0037-oasis/axiom/images/prod_27/images/plate_41002900/r04c06f02p01-ch4sk1fk1fl1.tiff	jpegxl-d1-e5/prod_27/images/plate_41002900/r04c06f02p01-ch4sk1fk1fl1.jxl
s3://cellpainting-gallery/cpg0037-oasis/axiom/images/prod_27/images/plate_41002900/r04c11f02p01-ch4sk1fk1fl1.tiff	jpegxl-d1-e5/prod_27/images/plate_41002900/r04c11f02p01-ch4sk1fk1fl1.jxl
s3://cellpainting-gallery/cpg0037-oasis/axiom/images/prod_27/images/plate_41002900/r05c05f15p01-ch4sk1fk1fl1.tiff	jpegxl-d1-e5/prod_27/images/plate_41002900/r05c05f15p01-ch4sk1fk1fl1.jxl
s3://cellpainting-gallery/cpg0037-oasis/axiom/images/prod_27/images/plate_41002900/r05c07f03p01-ch1sk1fk1fl1.tiff	jpegxl-d1-e5/prod_27/images/plate_41002900/r05c07f03p01-ch1sk1fk1fl1.jxl
s3://cellpainting-gallery/cpg0037-oasis/axiom/images/prod_27/images/plate_41002900/r05c17f11p01-ch6sk1fk1fl1.tiff	jpegxl-d1-e5/prod_27/images/plate_41002900/r05c17f11p01-ch6sk1fk1fl1.jxl
s3://cellpainting-gallery/cpg0037-oasis/axiom/images/prod_27/images/plate_41002900/r06c24f12p01-ch3sk1fk1fl1.tiff	jpegxl-d1-e5/prod_27/images/plate_41002900/r06c24f12p01-ch3sk1fk1fl1.jxl
s3://cellpainting-gallery/cpg0037-oasis/axiom/images/prod_27/images/plate_41002900/r06c24f14p01-ch4sk1fk1fl1.tiff	jpegxl-d1-e5/prod_27/images/plate_41002900/r06c24f14p01-ch4sk1fk1fl1.jxl
s3://cellpainting-gallery/cpg0037-oasis/axiom/images/prod_27/images/plate_41002900/r08c09f03p01-ch1sk1fk1fl1.tiff	jpegxl-d1-e5/prod_27/images/plate_41002900/r08c09f03p01-ch1sk1fk1fl1.jxl
s3://cellpainting-gallery/cpg0037-oasis/axiom/images/prod_27/images/plate_41002900/r09c04f08p01-ch1sk1fk1fl1.tiff	jpegxl-d1-e5/prod_27/images/plate_41002900/r09c04f08p01-ch1sk1fk1fl1.jxl
s3://cellpainting-gallery/cpg0037-oasis/axiom/images/prod_27/images/plate_41002900/r09c24f04p01-ch1sk1fk1fl1.tiff	jpegxl-d1-e5/prod_27/images/plate_41002900/r09c24f04p01-ch1sk1fk1fl1.jxl
s3://cellpainting-gallery/cpg0037-oasis/axiom/images/prod_27/images/plate_41002900/r10c10f03p01-ch1sk1fk1fl1.tiff	jpegxl-d1-e5/prod_27/images/plate_41002900/r10c10f03p01-ch1sk1fk1fl1.jxl
s3://cellpainting-gallery/cpg0037-oasis/axiom/images/prod_27/images/plate_41002900/r12c05f05p01-ch6sk1fk1fl1.tiff	jpegxl-d1-e5/prod_27/images/plate_41002900/r12c05f05p01-ch6sk1fk1fl1.jxl
s3://cellpainting-gallery/cpg0037-oasis/axiom/images/prod_27/images/plate_41002900/r12c23f04p01-ch5sk1fk1fl1.tiff	jpegxl-d1-e5/prod_27/images/plate_41002900/r12c23f04p01-ch5sk1fk1fl1.jxl
s3://cellpainting-gallery/cpg0037-oasis/axiom/images/prod_27/images/plate_41002900/r13c11f14p01-ch4sk1fk1fl1.tiff	jpegxl-d1-e5/prod_27/images/plate_41002900/r13c11f14p01-ch4sk1fk1fl1.jxl
s3://cellpainting-gallery/cpg0037-oasis/axiom/images/prod_27/images/plate_41002900/r13c17f03p01-ch5sk1fk1fl1.tiff	jpegxl-d1-e5/prod_27/images/plate_41002900/r13c17f03p01-ch5sk1fk1fl1.jxl
s3://cellpainting-gallery/cpg0037-oasis/axiom/images/prod_27/images/plate_41002900/r14c06f04p01-ch2sk1fk1fl1.tiff	jpegxl-d1-e5/prod_27/images/plate_41002900/r14c06f04p01-ch2sk1fk1fl1.jxl
s3://cellpainting-gallery/cpg0037-oasis/axiom/images/prod_27/images/plate_41002900/r15c02f03p01-ch5sk1fk1fl1.tiff	jpegxl-d1-e5/prod_27/images/plate_41002900/r15c02f03p01-ch5sk1fk1fl1.jxl
s3://cellpainting-gallery/cpg0037-oasis/axiom/images/prod_27/images/plate_41002900/r15c08f10p01-ch3sk1fk1fl1.tiff	jpegxl-d1-e5/prod_27/images/plate_41002900/r15c08f10p01-ch3sk1fk1fl1.jxl
s3://cellpainting-gallery/cpg0037-oasis/axiom/images/prod_27/images/plate_41002900/r15c11f15p01-ch2sk1fk1fl1.tiff	jpegxl-d1-e5/prod_27/images/plate_41002900/r15c11f15p01-ch2sk1fk1fl1.jxl
s3://cellpainting-gallery/cpg0037-oasis/axiom/images/prod_27/images/plate_41002900/r16c19f01p01-ch4sk1fk1fl1.tiff	jpegxl-d1-e5/prod_27/images/plate_41002900/r16c19f01p01-ch4sk1fk1fl1.jxl
s3://cellpainting-gallery/cpg0037-oasis/axiom/images/prod_27/images/plate_41002900/r16c21f11p01-ch6sk1fk1fl1.tiff	jpegxl-d1-e5/prod_27/images/plate_41002900/r16c21f11p01-ch6sk1fk1fl1.jxl
s3://cellpainting-gallery/cpg0037-oasis/axiom/images/prod_27/images/plate_41002901/r01c06f07p01-ch2sk1fk1fl1.tiff	jpegxl-d1-e5/prod_27/images/plate_41002901/r01c06f07p01-ch2sk1fk1fl1.jxl
s3://cellpainting-gallery/cpg0037-oasis/axiom/images/prod_27/images/plate_41002901/r01c07f06p01-ch3sk1fk1fl1.tiff	jpegxl-d1-e5/prod_27/images/plate_41002901/r01c07f06p01-ch3sk1fk1fl1.jxl
s3://cellpainting-gallery/cpg0037-oasis/axiom/images/prod_27/images/plate_41002901/r05c03f06p01-ch5sk1fk1fl1.tiff	jpegxl-d1-e5/prod_27/images/plate_41002901/r05c03f06p01-ch5sk1fk1fl1.jxl
s3://cellpainting-gallery/cpg0037-oasis/axiom/images/prod_27/images/plate_41002901/r05c10f15p01-ch3sk1fk1fl1.tiff	jpegxl-d1-e5/prod_27/images/plate_41002901/r05c10f15p01-ch3sk1fk1fl1.jxl
s3://cellpainting-gallery/cpg0037-oasis/axiom/images/prod_27/images/plate_41002901/r06c06f12p01-ch1sk1fk1fl1.tiff	jpegxl-d1-e5/prod_27/images/plate_41002901/r06c06f12p01-ch1sk1fk1fl1.jxl
s3://cellpainting-gallery/cpg0037-oasis/axiom/images/prod_27/images/plate_41002901/r07c08f02p01-ch3sk1fk1fl1.tiff	jpegxl-d1-e5/prod_27/images/plate_41002901/r07c08f02p01-ch3sk1fk1fl1.jxl
s3://cellpainting-gallery/cpg0037-oasis/axiom/images/prod_27/images/plate_41002901/r07c09f12p01-ch3sk1fk1fl1.tiff	jpegxl-d1-e5/prod_27/images/plate_41002901/r07c09f12p01-ch3sk1fk1fl1.jxl
s3://cellpainting-gallery/cpg0037-oasis/axiom/images/prod_27/images/plate_41002901/r08c04f02p01-ch5sk1fk1fl1.tiff	jpegxl-d1-e5/prod_27/images/plate_41002901/r08c04f02p01-ch5sk1fk1fl1.jxl
s3://cellpainting-gallery/cpg0037-oasis/axiom/images/prod_27/images/plate_41002901/r09c03f02p01-ch2sk1fk1fl1.tiff	jpegxl-d1-e5/prod_27/images/plate_41002901/r09c03f02p01-ch2sk1fk1fl1.jxl
s3://cellpainting-gallery/cpg0037-oasis/axiom/images/prod_27/images/plate_41002901/r09c03f08p01-ch4sk1fk1fl1.tiff	jpegxl-d1-e5/prod_27/images/plate_41002901/r09c03f08p01-ch4sk1fk1fl1.jxl
s3://cellpainting-gallery/cpg0037-oasis/axiom/images/prod_27/images/plate_41002901/r09c04f03p01-ch1sk1fk1fl1.tiff	jpegxl-d1-e5/prod_27/images/plate_41002901/r09c04f03p01-ch1sk1fk1fl1.jxl
s3://cellpainting-gallery/cpg0037-oasis/axiom/images/prod_27/images/plate_41002901/r09c06f01p01-ch6sk1fk1fl1.tiff	jpegxl-d1-e5/prod_27/images/plate_41002901/r09c06f01p01-ch6sk1fk1fl1.jxl
s3://cellpainting-gallery/cpg0037-oasis/axiom/images/prod_27/images/plate_41002901/r11c20f01p01-ch2sk1fk1fl1.tiff	jpegxl-d1-e5/prod_27/images/plate_41002901/r11c20f01p01-ch2sk1fk1fl1.jxl
s3://cellpainting-gallery/cpg0037-oasis/axiom/images/prod_27/images/plate_41002901/r12c11f05p01-ch6sk1fk1fl1.tiff	jpegxl-d1-e5/prod_27/images/plate_41002901/r12c11f05p01-ch6sk1fk1fl1.jxl
s3://cellpainting-gallery/cpg0037-oasis/axiom/images/prod_27/images/plate_41002901/r13c02f14p01-ch5sk1fk1fl1.tiff	jpegxl-d1-e5/prod_27/images/plate_41002901/r13c02f14p01-ch5sk1fk1fl1.jxl
s3://cellpainting-gallery/cpg0037-oasis/axiom/images/prod_27/images/plate_41002901/r14c09f05p01-ch3sk1fk1fl1.tiff	jpegxl-d1-e5/prod_27/images/plate_41002901/r14c09f05p01-ch3sk1fk1fl1.jxl
s3://cellpainting-gallery/cpg0037-oasis/axiom/images/prod_27/images/plate_41002901/r16c18f12p01-ch2sk1fk1fl1.tiff	jpegxl-d1-e5/prod_27/images/plate_41002901/r16c18f12p01-ch2sk1fk1fl1.jxl
s3://cellpainting-gallery/cpg0037-oasis/axiom/images/prod_27/images/plate_41002901/r16c23f13p01-ch2sk1fk1fl1.tiff	jpegxl-d1-e5/prod_27/images/plate_41002901/r16c23f13p01-ch2sk1fk1fl1.jxl
s3://cellpainting-gallery/cpg0037-oasis/axiom/images/prod_27/images/plate_41002902/r03c02f04p01-ch4sk1fk1fl1.tiff	jpegxl-d1-e5/prod_27/images/plate_41002902/r03c02f04p01-ch4sk1fk1fl1.jxl
s3://cellpainting-gallery/cpg0037-oasis/axiom/images/prod_27/images/plate_41002902/r03c02f07p01-ch1sk1fk1fl1.tiff	jpegxl-d1-e5/prod_27/images/plate_41002902/r03c02f07p01-ch1sk1fk1fl1.jxl
s3://cellpainting-gallery/cpg0037-oasis/axiom/images/prod_27/images/plate_41002902/r03c03f05p01-ch6sk1fk1fl1.tiff	jpegxl-d1-e5/prod_27/images/plate_41002902/r03c03f05p01-ch6sk1fk1fl1.jxl
s3://cellpainting-gallery/cpg0037-oasis/axiom/images/prod_27/images/plate_41002902/r03c21f05p01-ch2sk1fk1fl1.tiff	jpegxl-d1-e5/prod_27/images/plate_41002902/r03c21f05p01-ch2sk1fk1fl1.jxl
s3://cellpainting-gallery/cpg0037-oasis/axiom/images/prod_27/images/plate_41002902/r04c24f03p01-ch4sk1fk1fl1.tiff	jpegxl-d1-e5/prod_27/images/plate_41002902/r04c24f03p01-ch4sk1fk1fl1.jxl
s3://cellpainting-gallery/cpg0037-oasis/axiom/images/prod_27/images/plate_41002902/r06c21f11p01-ch5sk1fk1fl1.tiff	jpegxl-d1-e5/prod_27/images/plate_41002902/r06c21f11p01-ch5sk1fk1fl1.jxl
s3://cellpainting-gallery/cpg0037-oasis/axiom/images/prod_27/images/plate_41002902/r07c19f11p01-ch1sk1fk1fl1.tiff	jpegxl-d1-e5/prod_27/images/plate_41002902/r07c19f11p01-ch1sk1fk1fl1.jxl
s3://cellpainting-gallery/cpg0037-oasis/axiom/images/prod_27/images/plate_41002902/r07c20f11p01-ch1sk1fk1fl1.tiff	jpegxl-d1-e5/prod_27/images/plate_41002902/r07c20f11p01-ch1sk1fk1fl1.jxl
s3://cellpainting-gallery/cpg0037-oasis/axiom/images/prod_27/images/plate_41002902/r09c01f07p01-ch2sk1fk1fl1.tiff	jpegxl-d1-e5/prod_27/images/plate_41002902/r09c01f07p01-ch2sk1fk1fl1.jxl
s3://cellpainting-gallery/cpg0037-oasis/axiom/images/prod_27/images/plate_41002902/r09c03f08p01-ch2sk1fk1fl1.tiff	jpegxl-d1-e5/prod_27/images/plate_41002902/r09c03f08p01-ch2sk1fk1fl1.jxl
s3://cellpainting-gallery/cpg0037-oasis/axiom/images/prod_27/images/plate_41002902/r09c12f09p01-ch6sk1fk1fl1.tiff	jpegxl-d1-e5/prod_27/images/plate_41002902/r09c12f09p01-ch6sk1fk1fl1.jxl
s3://cellpainting-gallery/cpg0037-oasis/axiom/images/prod_27/images/plate_41002902/r09c12f11p01-ch4sk1fk1fl1.tiff	jpegxl-d1-e5/prod_27/images/plate_41002902/r09c12f11p01-ch4sk1fk1fl1.jxl
s3://cellpainting-gallery/cpg0037-oasis/axiom/images/prod_27/images/plate_41002902/r09c13f11p01-ch5sk1fk1fl1.tiff	jpegxl-d1-e5/prod_27/images/plate_41002902/r09c13f11p01-ch5sk1fk1fl1.jxl
s3://cellpainting-gallery/cpg0037-oasis/axiom/images/prod_27/images/plate_41002902/r10c24f14p01-ch1sk1fk1fl1.tiff	jpegxl-d1-e5/prod_27/images/plate_41002902/r10c24f14p01-ch1sk1fk1fl1.jxl
s3://cellpainting-gallery/cpg0037-oasis/axiom/images/prod_27/images/plate_41002902/r12c03f11p01-ch3sk1fk1fl1.tiff	jpegxl-d1-e5/prod_27/images/plate_41002902/r12c03f11p01-ch3sk1fk1fl1.jxl
s3://cellpainting-gallery/cpg0037-oasis/axiom/images/prod_27/images/plate_41002902/r13c04f03p01-ch4sk1fk1fl1.tiff	jpegxl-d1-e5/prod_27/images/plate_41002902/r13c04f03p01-ch4sk1fk1fl1.jxl
s3://cellpainting-gallery/cpg0037-oasis/axiom/images/prod_27/images/plate_41002902/r13c06f03p01-ch3sk1fk1fl1.tiff	jpegxl-d1-e5/prod_27/images/plate_41002902/r13c06f03p01-ch3sk1fk1fl1.jxl
s3://cellpainting-gallery/cpg0037-oasis/axiom/images/prod_27/images/plate_41002902/r16c09f12p01-ch6sk1fk1fl1.tiff	jpegxl-d1-e5/prod_27/images/plate_41002902/r16c09f12p01-ch6sk1fk1fl1.jxl
s3://cellpainting-gallery/cpg0037-oasis/axiom/images/prod_27/images/plate_41002902/r16c14f06p01-ch2sk1fk1fl1.tiff	jpegxl-d1-e5/prod_27/images/plate_41002902/r16c14f06p01-ch2sk1fk1fl1.jxl
s3://cellpainting-gallery/cpg0037-oasis/axiom/images/prod_27/images/plate_41002902/r16c22f15p01-ch4sk1fk1fl1.tiff	jpegxl-d1-e5/prod_27/images/plate_41002902/r16c22f15p01-ch4sk1fk1fl1.jxl
s3://cellpainting-gallery/cpg0037-oasis/axiom/images/prod_27/images/plate_41002903/r01c19f14p01-ch1sk1fk1fl1.tiff	jpegxl-d1-e5/prod_27/images/plate_41002903/r01c19f14p01-ch1sk1fk1fl1.jxl
s3://cellpainting-gallery/cpg0037-oasis/axiom/images/prod_27/images/plate_41002903/r02c23f07p01-ch6sk1fk1fl1.tiff	jpegxl-d1-e5/prod_27/images/plate_41002903/r02c23f07p01-ch6sk1fk1fl1.jxl
s3://cellpainting-gallery/cpg0037-oasis/axiom/images/prod_27/images/plate_41002903/r04c10f04p01-ch3sk1fk1fl1.tiff	jpegxl-d1-e5/prod_27/images/plate_41002903/r04c10f04p01-ch3sk1fk1fl1.jxl
s3://cellpainting-gallery/cpg0037-oasis/axiom/images/prod_27/images/plate_41002903/r04c20f05p01-ch5sk1fk1fl1.tiff	jpegxl-d1-e5/prod_27/images/plate_41002903/r04c20f05p01-ch5sk1fk1fl1.jxl
s3://cellpainting-gallery/cpg0037-oasis/axiom/images/prod_27/images/plate_41002903/r05c01f09p01-ch1sk1fk1fl1.tiff	jpegxl-d1-e5/prod_27/images/plate_41002903/r05c01f09p01-ch1sk1fk1fl1.jxl
s3://cellpainting-gallery/cpg0037-oasis/axiom/images/prod_27/images/plate_41002903/r05c09f15p01-ch1sk1fk1fl1.tiff	jpegxl-d1-e5/prod_27/images/plate_41002903/r05c09f15p01-ch1sk1fk1fl1.jxl
s3://cellpainting-gallery/cpg0037-oasis/axiom/images/prod_27/images/plate_41002903/r05c10f10p01-ch4sk1fk1fl1.tiff	jpegxl-d1-e5/prod_27/images/plate_41002903/r05c10f10p01-ch4sk1fk1fl1.jxl
s3://cellpainting-gallery/cpg0037-oasis/axiom/images/prod_27/images/plate_41002903/r06c04f01p01-ch5sk1fk1fl1.tiff	jpegxl-d1-e5/prod_27/images/plate_41002903/r06c04f01p01-ch5sk1fk1fl1.jxl
s3://cellpainting-gallery/cpg0037-oasis/axiom/images/prod_27/images/plate_41002903/r06c10f07p01-ch4sk1fk1fl1.tiff	jpegxl-d1-e5/prod_27/images/plate_41002903/r06c10f07p01-ch4sk1fk1fl1.jxl
s3://cellpainting-gallery/cpg0037-oasis/axiom/images/prod_27/images/plate_41002903/r07c02f08p01-ch4sk1fk1fl1.tiff	jpegxl-d1-e5/prod_27/images/plate_41002903/r07c02f08p01-ch4sk1fk1fl1.jxl
s3://cellpainting-gallery/cpg0037-oasis/axiom/images/prod_27/images/plate_41002903/r07c17f07p01-ch5sk1fk1fl1.tiff	jpegxl-d1-e5/prod_27/images/plate_41002903/r07c17f07p01-ch5sk1fk1fl1.jxl
s3://cellpainting-gallery/cpg0037-oasis/axiom/images/prod_27/images/plate_41002903/r09c19f06p01-ch4sk1fk1fl1.tiff	jpegxl-d1-e5/prod_27/images/plate_41002903/r09c19f06p01-ch4sk1fk1fl1.jxl
s3://cellpainting-gallery/cpg0037-oasis/axiom/images/prod_27/images/plate_41002903/r12c03f13p01-ch1sk1fk1fl1.tiff	jpegxl-d1-e5/prod_27/images/plate_41002903/r12c03f13p01-ch1sk1fk1fl1.jxl
s3://cellpainting-gallery/cpg0037-oasis/axiom/images/prod_27/images/plate_41002903/r12c05f10p01-ch5sk1fk1fl1.tiff	jpegxl-d1-e5/prod_27/images/plate_41002903/r12c05f10p01-ch5sk1fk1fl1.jxl
s3://cellpainting-gallery/cpg0037-oasis/axiom/images/prod_27/images/plate_41002903/r12c12f05p01-ch5sk1fk1fl1.tiff	jpegxl-d1-e5/prod_27/images/plate_41002903/r12c12f05p01-ch5sk1fk1fl1.jxl
s3://cellpainting-gallery/cpg0037-oasis/axiom/images/prod_27/images/plate_41002903/r13c18f11p01-ch3sk1fk1fl1.tiff	jpegxl-d1-e5/prod_27/images/plate_41002903/r13c18f11p01-ch3sk1fk1fl1.jxl
s3://cellpainting-gallery/cpg0037-oasis/axiom/images/prod_27/images/plate_41002903/r13c24f12p01-ch6sk1fk1fl1.tiff	jpegxl-d1-e5/prod_27/images/plate_41002903/r13c24f12p01-ch6sk1fk1fl1.jxl
s3://cellpainting-gallery/cpg0037-oasis/axiom/images/prod_27/images/plate_41002903/r15c02f11p01-ch1sk1fk1fl1.tiff	jpegxl-d1-e5/prod_27/images/plate_41002903/r15c02f11p01-ch1sk1fk1fl1.jxl
s3://cellpainting-gallery/cpg0037-oasis/axiom/images/prod_27/images/plate_41002903/r16c09f09p01-ch1sk1fk1fl1.tiff	jpegxl-d1-e5/prod_27/images/plate_41002903/r16c09f09p01-ch1sk1fk1fl1.jxl
s3://cellpainting-gallery/cpg0037-oasis/axiom/images/prod_27/images/plate_41002903/r16c17f09p01-ch4sk1fk1fl1.tiff	jpegxl-d1-e5/prod_27/images/plate_41002903/r16c17f09p01-ch4sk1fk1fl1.jxl
s3://cellpainting-gallery/cpg0037-oasis/axiom/images/prod_27/images/plate_41002904/r01c10f03p01-ch5sk1fk1fl1.tiff	jpegxl-d1-e5/prod_27/images/plate_41002904/r01c10f03p01-ch5sk1fk1fl1.jxl
s3://cellpainting-gallery/cpg0037-oasis/axiom/images/prod_27/images/plate_41002904/r02c01f08p01-ch1sk1fk1fl1.tiff	jpegxl-d1-e5/prod_27/images/plate_41002904/r02c01f08p01-ch1sk1fk1fl1.jxl
s3://cellpainting-gallery/cpg0037-oasis/axiom/images/prod_27/images/plate_41002904/r02c06f05p01-ch3sk1fk1fl1.tiff	jpegxl-d1-e5/prod_27/images/plate_41002904/r02c06f05p01-ch3sk1fk1fl1.jxl
s3://cellpainting-gallery/cpg0037-oasis/axiom/images/prod_27/images/plate_41002904/r02c13f04p01-ch2sk1fk1fl1.tiff	jpegxl-d1-e5/prod_27/images/plate_41002904/r02c13f04p01-ch2sk1fk1fl1.jxl
s3://cellpainting-gallery/cpg0037-oasis/axiom/images/prod_27/images/plate_41002904/r03c07f13p01-ch6sk1fk1fl1.tiff	jpegxl-d1-e5/prod_27/images/plate_41002904/r03c07f13p01-ch6sk1fk1fl1.jxl
s3://cellpainting-gallery/cpg0037-oasis/axiom/images/prod_27/images/plate_41002904/r04c07f12p01-ch6sk1fk1fl1.tiff	jpegxl-d1-e5/prod_27/images/plate_41002904/r04c07f12p01-ch6sk1fk1fl1.jxl
s3://cellpainting-gallery/cpg0037-oasis/axiom/images/prod_27/images/plate_41002904/r06c15f04p01-ch6sk1fk1fl1.tiff	jpegxl-d1-e5/prod_27/images/plate_41002904/r06c15f04p01-ch6sk1fk1fl1.jxl
s3://cellpainting-gallery/cpg0037-oasis/axiom/images/prod_27/images/plate_41002904/r06c20f06p01-ch4sk1fk1fl1.tiff	jpegxl-d1-e5/prod_27/images/plate_41002904/r06c20f06p01-ch4sk1fk1fl1.jxl
s3://cellpainting-gallery/cpg0037-oasis/axiom/images/prod_27/images/plate_41002904/r07c11f02p01-ch5sk1fk1fl1.tiff	jpegxl-d1-e5/prod_27/images/plate_41002904/r07c11f02p01-ch5sk1fk1fl1.jxl
s3://cellpainting-gallery/cpg0037-oasis/axiom/images/prod_27/images/plate_41002904/r08c03f07p01-ch1sk1fk1fl1.tiff	jpegxl-d1-e5/prod_27/images/plate_41002904/r08c03f07p01-ch1sk1fk1fl1.jxl
s3://cellpainting-gallery/cpg0037-oasis/axiom/images/prod_27/images/plate_41002904/r08c09f13p01-ch6sk1fk1fl1.tiff	jpegxl-d1-e5/prod_27/images/plate_41002904/r08c09f13p01-ch6sk1fk1fl1.jxl
s3://cellpainting-gallery/cpg0037-oasis/axiom/images/prod_27/images/plate_41002904/r09c19f04p01-ch5sk1fk1fl1.tiff	jpegxl-d1-e5/prod_27/images/plate_41002904/r09c19f04p01-ch5sk1fk1fl1.jxl
s3://cellpainting-gallery/cpg0037-oasis/axiom/images/prod_27/images/plate_41002904/r10c24f09p01-ch6sk1fk1fl1.tiff	jpegxl-d1-e5/prod_27/images/plate_41002904/r10c24f09p01-ch6sk1fk1fl1.jxl
s3://cellpainting-gallery/cpg0037-oasis/axiom/images/prod_27/images/plate_41002904/r12c03f02p01-ch6sk1fk1fl1.tiff	jpegxl-d1-e5/prod_27/images/plate_41002904/r12c03f02p01-ch6sk1fk1fl1.jxl
s3://cellpainting-gallery/cpg0037-oasis/axiom/images/prod_27/images/plate_41002904/r13c18f07p01-ch5sk1fk1fl1.tiff	jpegxl-d1-e5/prod_27/images/plate_41002904/r13c18f07p01-ch5sk1fk1fl1.jxl
s3://cellpainting-gallery/cpg0037-oasis/axiom/images/prod_27/images/plate_41002904/r16c20f11p01-ch1sk1fk1fl1.tiff	jpegxl-d1-e5/prod_27/images/plate_41002904/r16c20f11p01-ch1sk1fk1fl1.jxl
s3://cellpainting-gallery/cpg0037-oasis/axiom/images/prod_27/images/plate_41002905/r01c23f08p01-ch3sk1fk1fl1.tiff	jpegxl-d1-e5/prod_27/images/plate_41002905/r01c23f08p01-ch3sk1fk1fl1.jxl
s3://cellpainting-gallery/cpg0037-oasis/axiom/images/prod_27/images/plate_41002905/r02c05f15p01-ch5sk1fk1fl1.tiff	jpegxl-d1-e5/prod_27/images/plate_41002905/r02c05f15p01-ch5sk1fk1fl1.jxl
s3://cellpainting-gallery/cpg0037-oasis/axiom/images/prod_27/images/plate_41002905/r02c08f15p01-ch1sk1fk1fl1.tiff	jpegxl-d1-e5/prod_27/images/plate_41002905/r02c08f15p01-ch1sk1fk1fl1.jxl
s3://cellpainting-gallery/cpg0037-oasis/axiom/images/prod_27/images/plate_41002905/r04c02f07p01-ch1sk1fk1fl1.tiff	jpegxl-d1-e5/prod_27/images/plate_41002905/r04c02f07p01-ch1sk1fk1fl1.jxl
s3://cellpainting-gallery/cpg0037-oasis/axiom/images/prod_27/images/plate_41002905/r05c02f06p01-ch6sk1fk1fl1.tiff	jpegxl-d1-e5/prod_27/images/plate_41002905/r05c02f06p01-ch6sk1fk1fl1.jxl
s3://cellpainting-gallery/cpg0037-oasis/axiom/images/prod_27/images/plate_41002905/r08c09f15p01-ch3sk1fk1fl1.tiff	jpegxl-d1-e5/prod_27/images/plate_41002905/r08c09f15p01-ch3sk1fk1fl1.jxl
s3://cellpainting-gallery/cpg0037-oasis/axiom/images/prod_27/images/plate_41002905/r08c20f08p01-ch4sk1fk1fl1.tiff	jpegxl-d1-e5/prod_27/images/plate_41002905/r08c20f08p01-ch4sk1fk1fl1.jxl
s3://cellpainting-gallery/cpg0037-oasis/axiom/images/prod_27/images/plate_41002905/r10c12f02p01-ch6sk1fk1fl1.tiff	jpegxl-d1-e5/prod_27/images/plate_41002905/r10c12f02p01-ch6sk1fk1fl1.jxl
s3://cellpainting-gallery/cpg0037-oasis/axiom/images/prod_27/images/plate_41002905/r11c01f03p01-ch2sk1fk1fl1.tiff	jpegxl-d1-e5/prod_27/images/plate_41002905/r11c01f03p01-ch2sk1fk1fl1.jxl
s3://cellpainting-gallery/cpg0037-oasis/axiom/images/prod_27/images/plate_41002905/r11c19f15p01-ch6sk1fk1fl1.tiff	jpegxl-d1-e5/prod_27/images/plate_41002905/r11c19f15p01-ch6sk1fk1fl1.jxl
s3://cellpainting-gallery/cpg0037-oasis/axiom/images/prod_27/images/plate_41002905/r12c17f05p01-ch3sk1fk1fl1.tiff	jpegxl-d1-e5/prod_27/images/plate_41002905/r12c17f05p01-ch3sk1fk1fl1.jxl
s3://cellpainting-gallery/cpg0037-oasis/axiom/images/prod_27/images/plate_41002905/r15c02f08p01-ch3sk1fk1fl1.tiff	jpegxl-d1-e5/prod_27/images/plate_41002905/r15c02f08p01-ch3sk1fk1fl1.jxl
s3://cellpainting-gallery/cpg0037-oasis/axiom/images/prod_27/images/plate_41002905/r15c12f08p01-ch1sk1fk1fl1.tiff	jpegxl-d1-e5/prod_27/images/plate_41002905/r15c12f08p01-ch1sk1fk1fl1.jxl
s3://cellpainting-gallery/cpg0037-oasis/axiom/images/prod_27/images/plate_41002905/r15c15f11p01-ch3sk1fk1fl1.tiff	jpegxl-d1-e5/prod_27/images/plate_41002905/r15c15f11p01-ch3sk1fk1fl1.jxl
s3://cellpainting-gallery/cpg0037-oasis/axiom/images/prod_27/images/plate_41002905/r16c08f06p01-ch5sk1fk1fl1.tiff	jpegxl-d1-e5/prod_27/images/plate_41002905/r16c08f06p01-ch5sk1fk1fl1.jxl
s3://cellpainting-gallery/cpg0037-oasis/axiom/images/prod_27/images/plate_41002905/r16c14f13p01-ch1sk1fk1fl1.tiff	jpegxl-d1-e5/prod_27/images/plate_41002905/r16c14f13p01-ch1sk1fk1fl1.jxl
s3://cellpainting-gallery/cpg0037-oasis/axiom/images/prod_27/images/plate_41002905/r16c24f09p01-ch6sk1fk1fl1.tiff	jpegxl-d1-e5/prod_27/images/plate_41002905/r16c24f09p01-ch6sk1fk1fl1.jxl
s3://cellpainting-gallery/cpg0037-oasis/axiom/images/prod_27/images/plate_41002906/r01c03f11p01-ch3sk1fk1fl1.tiff	jpegxl-d1-e5/prod_27/images/plate_41002906/r01c03f11p01-ch3sk1fk1fl1.jxl
s3://cellpainting-gallery/cpg0037-oasis/axiom/images/prod_27/images/plate_41002906/r01c19f15p01-ch4sk1fk1fl1.tiff	jpegxl-d1-e5/prod_27/images/plate_41002906/r01c19f15p01-ch4sk1fk1fl1.jxl
s3://cellpainting-gallery/cpg0037-oasis/axiom/images/prod_27/images/plate_41002906/r02c23f02p01-ch1sk1fk1fl1.tiff	jpegxl-d1-e5/prod_27/images/plate_41002906/r02c23f02p01-ch1sk1fk1fl1.jxl
s3://cellpainting-gallery/cpg0037-oasis/axiom/images/prod_27/images/plate_41002906/r03c02f14p01-ch3sk1fk1fl1.tiff	jpegxl-d1-e5/prod_27/images/plate_41002906/r03c02f14p01-ch3sk1fk1fl1.jxl
s3://cellpainting-gallery/cpg0037-oasis/axiom/images/prod_27/images/plate_41002906/r03c05f07p01-ch2sk1fk1fl1.tiff	jpegxl-d1-e5/prod_27/images/plate_41002906/r03c05f07p01-ch2sk1fk1fl1.jxl
s3://cellpainting-gallery/cpg0037-oasis/axiom/images/prod_27/images/plate_41002906/r04c01f13p01-ch6sk1fk1fl1.tiff	jpegxl-d1-e5/prod_27/images/plate_41002906/r04c01f13p01-ch6sk1fk1fl1.jxl
s3://cellpainting-gallery/cpg0037-oasis/axiom/images/prod_27/images/plate_41002906/r04c21f01p01-ch2sk1fk1fl1.tiff	jpegxl-d1-e5/prod_27/images/plate_41002906/r04c21f01p01-ch2sk1fk1fl1.jxl
s3://cellpainting-gallery/cpg0037-oasis/axiom/images/prod_27/images/plate_41002906/r06c13f03p01-ch5sk1fk1fl1.tiff	jpegxl-d1-e5/prod_27/images/plate_41002906/r06c13f03p01-ch5sk1fk1fl1.jxl
s3://cellpainting-gallery/cpg0037-oasis/axiom/images/prod_27/images/plate_41002906/r07c11f15p01-ch5sk1fk1fl1.tiff	jpegxl-d1-e5/prod_27/images/plate_41002906/r07c11f15p01-ch5sk1fk1fl1.jxl
s3://cellpainting-gallery/cpg0037-oasis/axiom/images/prod_27/images/plate_41002906/r07c15f15p01-ch1sk1fk1fl1.tiff	jpegxl-d1-e5/prod_27/images/plate_41002906/r07c15f15p01-ch1sk1fk1fl1.jxl
s3://cellpainting-gallery/cpg0037-oasis/axiom/images/prod_27/images/plate_41002906/r07c19f03p01-ch1sk1fk1fl1.tiff	jpegxl-d1-e5/prod_27/images/plate_41002906/r07c19f03p01-ch1sk1fk1fl1.jxl
s3://cellpainting-gallery/cpg0037-oasis/axiom/images/prod_27/images/plate_41002906/r07c21f04p01-ch4sk1fk1fl1.tiff	jpegxl-d1-e5/prod_27/images/plate_41002906/r07c21f04p01-ch4sk1fk1fl1.jxl
s3://cellpainting-gallery/cpg0037-oasis/axiom/images/prod_27/images/plate_41002906/r08c17f15p01-ch4sk1fk1fl1.tiff	jpegxl-d1-e5/prod_27/images/plate_41002906/r08c17f15p01-ch4sk1fk1fl1.jxl
s3://cellpainting-gallery/cpg0037-oasis/axiom/images/prod_27/images/plate_41002906/r08c20f12p01-ch4sk1fk1fl1.tiff	jpegxl-d1-e5/prod_27/images/plate_41002906/r08c20f12p01-ch4sk1fk1fl1.jxl
s3://cellpainting-gallery/cpg0037-oasis/axiom/images/prod_27/images/plate_41002906/r11c05f14p01-ch3sk1fk1fl1.tiff	jpegxl-d1-e5/prod_27/images/plate_41002906/r11c05f14p01-ch3sk1fk1fl1.jxl
s3://cellpainting-gallery/cpg0037-oasis/axiom/images/prod_27/images/plate_41002906/r11c22f03p01-ch2sk1fk1fl1.tiff	jpegxl-d1-e5/prod_27/images/plate_41002906/r11c22f03p01-ch2sk1fk1fl1.jxl
s3://cellpainting-gallery/cpg0037-oasis/axiom/images/prod_27/images/plate_41002906/r12c12f10p01-ch5sk1fk1fl1.tiff	jpegxl-d1-e5/prod_27/images/plate_41002906/r12c12f10p01-ch5sk1fk1fl1.jxl
s3://cellpainting-gallery/cpg0037-oasis/axiom/images/prod_27/images/plate_41002906/r13c19f04p01-ch5sk1fk1fl1.tiff	jpegxl-d1-e5/prod_27/images/plate_41002906/r13c19f04p01-ch5sk1fk1fl1.jxl
s3://cellpainting-gallery/cpg0037-oasis/axiom/images/prod_27/images/plate_41002906/r13c19f09p01-ch5sk1fk1fl1.tiff	jpegxl-d1-e5/prod_27/images/plate_41002906/r13c19f09p01-ch5sk1fk1fl1.jxl
s3://cellpainting-gallery/cpg0037-oasis/axiom/images/prod_27/images/plate_41002906/r15c04f13p01-ch5sk1fk1fl1.tiff	jpegxl-d1-e5/prod_27/images/plate_41002906/r15c04f13p01-ch5sk1fk1fl1.jxl
s3://cellpainting-gallery/cpg0037-oasis/axiom/images/prod_27/images/plate_41002906/r15c12f03p01-ch5sk1fk1fl1.tiff	jpegxl-d1-e5/prod_27/images/plate_41002906/r15c12f03p01-ch5sk1fk1fl1.jxl
s3://cellpainting-gallery/cpg0037-oasis/axiom/images/prod_27/images/plate_41002906/r15c24f13p01-ch3sk1fk1fl1.tiff	jpegxl-d1-e5/prod_27/images/plate_41002906/r15c24f13p01-ch3sk1fk1fl1.jxl
s3://cellpainting-gallery/cpg0037-oasis/axiom/images/prod_27/images/plate_41002906/r16c05f11p01-ch3sk1fk1fl1.tiff	jpegxl-d1-e5/prod_27/images/plate_41002906/r16c05f11p01-ch3sk1fk1fl1.jxl
s3://cellpainting-gallery/cpg0037-oasis/axiom/images/prod_27/images/plate_41002907/r01c05f14p01-ch4sk1fk1fl1.tiff	jpegxl-d1-e5/prod_27/images/plate_41002907/r01c05f14p01-ch4sk1fk1fl1.jxl
s3://cellpainting-gallery/cpg0037-oasis/axiom/images/prod_27/images/plate_41002907/r02c09f11p01-ch4sk1fk1fl1.tiff	jpegxl-d1-e5/prod_27/images/plate_41002907/r02c09f11p01-ch4sk1fk1fl1.jxl
s3://cellpainting-gallery/cpg0037-oasis/axiom/images/prod_27/images/plate_41002907/r02c20f09p01-ch3sk1fk1fl1.tiff	jpegxl-d1-e5/prod_27/images/plate_41002907/r02c20f09p01-ch3sk1fk1fl1.jxl
s3://cellpainting-gallery/cpg0037-oasis/axiom/images/prod_27/images/plate_41002907/r04c23f04p01-ch2sk1fk1fl1.tiff	jpegxl-d1-e5/prod_27/images/plate_41002907/r04c23f04p01-ch2sk1fk1fl1.jxl
s3://cellpainting-gallery/cpg0037-oasis/axiom/images/prod_27/images/plate_41002907/r04c24f01p01-ch5sk1fk1fl1.tiff	jpegxl-d1-e5/prod_27/images/plate_41002907/r04c24f01p01-ch5sk1fk1fl1.jxl
s3://cellpainting-gallery/cpg0037-oasis/axiom/images/prod_27/images/plate_41002907/r07c01f13p01-ch1sk1fk1fl1.tiff	jpegxl-d1-e5/prod_27/images/plate_41002907/r07c01f13p01-ch1sk1fk1fl1.jxl
s3://cellpainting-gallery/cpg0037-oasis/axiom/images/prod_27/images/plate_41002907/r07c06f14p01-ch5sk1fk1fl1.tiff	jpegxl-d1-e5/prod_27/images/plate_41002907/r07c06f14p01-ch5sk1fk1fl1.jxl
s3://cellpainting-gallery/cpg0037-oasis/axiom/images/prod_27/images/plate_41002907/r08c11f15p01-ch6sk1fk1fl1.tiff	jpegxl-d1-e5/prod_27/images/plate_41002907/r08c11f15p01-ch6sk1fk1fl1.jxl
s3://cellpainting-gallery/cpg0037-oasis/axiom/images/prod_27/images/plate_41002907/r09c21f09p01-ch5sk1fk1fl1.tiff	jpegxl-d1-e5/prod_27/images/plate_41002907/r09c21f09p01-ch5sk1fk1fl1.jxl
s3://cellpainting-gallery/cpg0037-oasis/axiom/images/prod_27/images/plate_41002907/r09c22f03p01-ch5sk1fk1fl1.tiff	jpegxl-d1-e5/prod_27/images/plate_41002907/r09c22f03p01-ch5sk1fk1fl1.jxl
s3://cellpainting-gallery/cpg0037-oasis/axiom/images/prod_27/images/plate_41002907/r11c19f15p01-ch6sk1fk1fl1.tiff	jpegxl-d1-e5/prod_27/images/plate_41002907/r11c19f15p01-ch6sk1fk1fl1.jxl
s3://cellpainting-gallery/cpg0037-oasis/axiom/images/prod_27/images/plate_41002907/r11c21f13p01-ch5sk1fk1fl1.tiff	jpegxl-d1-e5/prod_27/images/plate_41002907/r11c21f13p01-ch5sk1fk1fl1.jxl
s3://cellpainting-gallery/cpg0037-oasis/axiom/images/prod_27/images/plate_41002907/r13c09f07p01-ch1sk1fk1fl1.tiff	jpegxl-d1-e5/prod_27/images/plate_41002907/r13c09f07p01-ch1sk1fk1fl1.jxl
s3://cellpainting-gallery/cpg0037-oasis/axiom/images/prod_27/images/plate_41002907/r16c09f01p01-ch2sk1fk1fl1.tiff	jpegxl-d1-e5/prod_27/images/plate_41002907/r16c09f01p01-ch2sk1fk1fl1.jxl
s3://cellpainting-gallery/cpg0037-oasis/axiom/images/prod_27/images/plate_41002907/r16c16f12p01-ch1sk1fk1fl1.tiff	jpegxl-d1-e5/prod_27/images/plate_41002907/r16c16f12p01-ch1sk1fk1fl1.jxl
s3://cellpainting-gallery/cpg0037-oasis/axiom/images/prod_27/images/plate_41002907/r16c18f14p01-ch4sk1fk1fl1.tiff	jpegxl-d1-e5/prod_27/images/plate_41002907/r16c18f14p01-ch4sk1fk1fl1.jxl
s3://cellpainting-gallery/cpg0037-oasis/axiom/images/prod_27/images/plate_41002908/r09c17f05p01-ch3sk1fk1fl1.tiff	jpegxl-d1-e5/prod_27/images/plate_41002908/r09c17f05p01-ch3sk1fk1fl1.jxl
s3://cellpainting-gallery/cpg0037-oasis/axiom/images/prod_27/images/plate_41002908/r09c20f01p01-ch3sk1fk1fl1.tiff	jpegxl-d1-e5/prod_27/images/plate_41002908/r09c20f01p01-ch3sk1fk1fl1.jxl
s3://cellpainting-gallery/cpg0037-oasis/axiom/images/prod_27/images/plate_41002908/r10c13f15p01-ch5sk1fk1fl1.tiff	jpegxl-d1-e5/prod_27/images/plate_41002908/r10c13f15p01-ch5sk1fk1fl1.jxl
s3://cellpainting-gallery/cpg0037-oasis/axiom/images/prod_27/images/plate_41002908/r10c16f10p01-ch2sk1fk1fl1.tiff	jpegxl-d1-e5/prod_27/images/plate_41002908/r10c16f10p01-ch2sk1fk1fl1.jxl
s3://cellpainting-gallery/cpg0037-oasis/axiom/images/prod_27/images/plate_41002908/r11c07f10p01-ch2sk1fk1fl1.tiff	jpegxl-d1-e5/prod_27/images/plate_41002908/r11c07f10p01-ch2sk1fk1fl1.jxl
s3://cellpainting-gallery/cpg0037-oasis/axiom/images/prod_30/images/plate_41002944/r02c13f06p01-ch3sk1fk1fl1.tiff	jpegxl-d1-e5/prod_30/images/plate_41002944/r02c13f06p01-ch3sk1fk1fl1.jxl
s3://cellpainting-gallery/cpg0037-oasis/axiom/images/prod_30/images/plate_41002944/r02c20f04p01-ch5sk1fk1fl1.tiff	jpegxl-d1-e5/prod_30/images/plate_41002944/r02c20f04p01-ch5sk1fk1fl1.jxl
s3://cellpainting-gallery/cpg0037-oasis/axiom/images/prod_30/images/plate_41002944/r02c23f10p01-ch2sk1fk1fl1.tiff	jpegxl-d1-e5/prod_30/images/plate_41002944/r02c23f10p01-ch2sk1fk1fl1.jxl
s3://cellpainting-gallery/cpg0037-oasis/axiom/images/prod_30/images/plate_41002944/r03c24f04p01-ch1sk1fk1fl1.tiff	jpegxl-d1-e5/prod_30/images/plate_41002944/r03c24f04p01-ch1sk1fk1fl1.jxl
s3://cellpainting-gallery/cpg0037-oasis/axiom/images/prod_30/images/plate_41002944/r12c03f11p01-ch1sk1fk1fl1.tiff	jpegxl-d1-e5/prod_30/images/plate_41002944/r12c03f11p01-ch1sk1fk1fl1.jxl
s3://cellpainting-gallery/cpg0037-oasis/axiom/images/prod_30/images/plate_41002944/r13c10f03p01-ch5sk1fk1fl1.tiff	jpegxl-d1-e5/prod_30/images/plate_41002944/r13c10f03p01-ch5sk1fk1fl1.jxl
s3://cellpainting-gallery/cpg0037-oasis/axiom/images/prod_30/images/plate_41002945/r06c04f13p01-ch4sk1fk1fl1.tiff	jpegxl-d1-e5/prod_30/images/plate_41002945/r06c04f13p01-ch4sk1fk1fl1.jxl
s3://cellpainting-gallery/cpg0037-oasis/axiom/images/prod_30/images/plate_41002945/r07c19f11p01-ch4sk1fk1fl1.tiff	jpegxl-d1-e5/prod_30/images/plate_41002945/r07c19f11p01-ch4sk1fk1fl1.jxl
s3://cellpainting-gallery/cpg0037-oasis/axiom/images/prod_30/images/plate_41002945/r08c10f01p01-ch6sk1fk1fl1.tiff	jpegxl-d1-e5/prod_30/images/plate_41002945/r08c10f01p01-ch6sk1fk1fl1.jxl
s3://cellpainting-gallery/cpg0037-oasis/axiom/images/prod_30/images/plate_41002945/r08c10f14p01-ch2sk1fk1fl1.tiff	jpegxl-d1-e5/prod_30/images/plate_41002945/r08c10f14p01-ch2sk1fk1fl1.jxl
s3://cellpainting-gallery/cpg0037-oasis/axiom/images/prod_30/images/plate_41002945/r10c20f11p01-ch4sk1fk1fl1.tiff	jpegxl-d1-e5/prod_30/images/plate_41002945/r10c20f11p01-ch4sk1fk1fl1.jxl
s3://cellpainting-gallery/cpg0037-oasis/axiom/images/prod_30/images/plate_41002945/r11c15f12p01-ch1sk1fk1fl1.tiff	jpegxl-d1-e5/prod_30/images/plate_41002945/r11c15f12p01-ch1sk1fk1fl1.jxl
s3://cellpainting-gallery/cpg0037-oasis/axiom/images/prod_30/images/plate_41002945/r15c01f11p01-ch6sk1fk1fl1.tiff	jpegxl-d1-e5/prod_30/images/plate_41002945/r15c01f11p01-ch6sk1fk1fl1.jxl
s3://cellpainting-gallery/cpg0037-oasis/axiom/images/prod_30/images/plate_41002945/r16c04f04p01-ch3sk1fk1fl1.tiff	jpegxl-d1-e5/prod_30/images/plate_41002945/r16c04f04p01-ch3sk1fk1fl1.jxl
s3://cellpainting-gallery/cpg0037-oasis/axiom/images/prod_30/images/plate_41002945/r16c18f10p01-ch6sk1fk1fl1.tiff	jpegxl-d1-e5/prod_30/images/plate_41002945/r16c18f10p01-ch6sk1fk1fl1.jxl
s3://cellpainting-gallery/cpg0037-oasis/axiom/images/prod_30/images/plate_41002946/r03c23f10p01-ch4sk1fk1fl1.tiff	jpegxl-d1-e5/prod_30/images/plate_41002946/r03c23f10p01-ch4sk1fk1fl1.jxl
s3://cellpainting-gallery/cpg0037-oasis/axiom/images/prod_30/images/plate_41002946/r04c13f13p01-ch1sk1fk1fl1.tiff	jpegxl-d1-e5/prod_30/images/plate_41002946/r04c13f13p01-ch1sk1fk1fl1.jxl
s3://cellpainting-gallery/cpg0037-oasis/axiom/images/prod_30/images/plate_41002946/r04c18f05p01-ch1sk1fk1fl1.tiff	jpegxl-d1-e5/prod_30/images/plate_41002946/r04c18f05p01-ch1sk1fk1fl1.jxl
s3://cellpainting-gallery/cpg0037-oasis/axiom/images/prod_30/images/plate_41002946/r05c14f02p01-ch5sk1fk1fl1.tiff	jpegxl-d1-e5/prod_30/images/plate_41002946/r05c14f02p01-ch5sk1fk1fl1.jxl
s3://cellpainting-gallery/cpg0037-oasis/axiom/images/prod_30/images/plate_41002946/r09c07f12p01-ch5sk1fk1fl1.tiff	jpegxl-d1-e5/prod_30/images/plate_41002946/r09c07f12p01-ch5sk1fk1fl1.jxl
s3://cellpainting-gallery/cpg0037-oasis/axiom/images/prod_30/images/plate_41002946/r10c14f08p01-ch1sk1fk1fl1.tiff	jpegxl-d1-e5/prod_30/images/plate_41002946/r10c14f08p01-ch1sk1fk1fl1.jxl
s3://cellpainting-gallery/cpg0037-oasis/axiom/images/prod_30/images/plate_41002946/r12c12f14p01-ch4sk1fk1fl1.tiff	jpegxl-d1-e5/prod_30/images/plate_41002946/r12c12f14p01-ch4sk1fk1fl1.jxl
s3://cellpainting-gallery/cpg0037-oasis/axiom/images/prod_30/images/plate_41002946/r12c16f01p01-ch2sk1fk1fl1.tiff	jpegxl-d1-e5/prod_30/images/plate_41002946/r12c16f01p01-ch2sk1fk1fl1.jxl
s3://cellpainting-gallery/cpg0037-oasis/axiom/images/prod_30/images/plate_41002946/r15c12f08p01-ch2sk1fk1fl1.tiff	jpegxl-d1-e5/prod_30/images/plate_41002946/r15c12f08p01-ch2sk1fk1fl1.jxl
s3://cellpainting-gallery/cpg0037-oasis/axiom/images/prod_30/images/plate_41002947/r05c23f03p01-ch4sk1fk1fl1.tiff	jpegxl-d1-e5/prod_30/images/plate_41002947/r05c23f03p01-ch4sk1fk1fl1.jxl
s3://cellpainting-gallery/cpg0037-oasis/axiom/images/prod_30/images/plate_41002947/r08c21f05p01-ch4sk1fk1fl1.tiff	jpegxl-d1-e5/prod_30/images/plate_41002947/r08c21f05p01-ch4sk1fk1fl1.jxl
s3://cellpainting-gallery/cpg0037-oasis/axiom/images/prod_30/images/plate_41002947/r09c01f04p01-ch6sk1fk1fl1.tiff	jpegxl-d1-e5/prod_30/images/plate_41002947/r09c01f04p01-ch6sk1fk1fl1.jxl
s3://cellpainting-gallery/cpg0037-oasis/axiom/images/prod_30/images/plate_41002947/r10c21f10p01-ch3sk1fk1fl1.tiff	jpegxl-d1-e5/prod_30/images/plate_41002947/r10c21f10p01-ch3sk1fk1fl1.jxl
s3://cellpainting-gallery/cpg0037-oasis/axiom/images/prod_30/images/plate_41002947/r12c12f05p01-ch3sk1fk1fl1.tiff	jpegxl-d1-e5/prod_30/images/plate_41002947/r12c12f05p01-ch3sk1fk1fl1.jxl
s3://cellpainting-gallery/cpg0037-oasis/axiom/images/prod_30/images/plate_41002948/r05c15f02p01-ch5sk1fk1fl1.tiff	jpegxl-d1-e5/prod_30/images/plate_41002948/r05c15f02p01-ch5sk1fk1fl1.jxl
s3://cellpainting-gallery/cpg0037-oasis/axiom/images/prod_30/images/plate_41002948/r10c20f13p01-ch4sk1fk1fl1.tiff	jpegxl-d1-e5/prod_30/images/plate_41002948/r10c20f13p01-ch4sk1fk1fl1.jxl
s3://cellpainting-gallery/cpg0037-oasis/axiom/images/prod_30/images/plate_41002948/r14c04f01p01-ch3sk1fk1fl1.tiff	jpegxl-d1-e5/prod_30/images/plate_41002948/r14c04f01p01-ch3sk1fk1fl1.jxl
s3://cellpainting-gallery/cpg0037-oasis/axiom/images/prod_30/images/plate_41002948/r15c05f03p01-ch1sk1fk1fl1.tiff	jpegxl-d1-e5/prod_30/images/plate_41002948/r15c05f03p01-ch1sk1fk1fl1.jxl
s3://cellpainting-gallery/cpg0037-oasis/axiom/images/prod_30/images/plate_41002948/r16c09f14p01-ch3sk1fk1fl1.tiff	jpegxl-d1-e5/prod_30/images/plate_41002948/r16c09f14p01-ch3sk1fk1fl1.jxl
s3://cellpainting-gallery/cpg0037-oasis/axiom/images/prod_30/images/plate_41002949/r01c02f06p01-ch2sk1fk1fl1.tiff	jpegxl-d1-e5/prod_30/images/plate_41002949/r01c02f06p01-ch2sk1fk1fl1.jxl
s3://cellpainting-gallery/cpg0037-oasis/axiom/images/prod_30/images/plate_41002949/r02c20f02p01-ch2sk1fk1fl1.tiff	jpegxl-d1-e5/prod_30/images/plate_41002949/r02c20f02p01-ch2sk1fk1fl1.jxl
s3://cellpainting-gallery/cpg0037-oasis/axiom/images/prod_30/images/plate_41002949/r05c15f15p01-ch1sk1fk1fl1.tiff	jpegxl-d1-e5/prod_30/images/plate_41002949/r05c15f15p01-ch1sk1fk1fl1.jxl
s3://cellpainting-gallery/cpg0037-oasis/axiom/images/prod_30/images/plate_41002949/r07c11f03p01-ch5sk1fk1fl1.tiff	jpegxl-d1-e5/prod_30/images/plate_41002949/r07c11f03p01-ch5sk1fk1fl1.jxl
s3://cellpainting-gallery/cpg0037-oasis/axiom/images/prod_30/images/plate_41002949/r07c16f04p01-ch1sk1fk1fl1.tiff	jpegxl-d1-e5/prod_30/images/plate_41002949/r07c16f04p01-ch1sk1fk1fl1.jxl
s3://cellpainting-gallery/cpg0037-oasis/axiom/images/prod_30/images/plate_41002949/r07c22f08p01-ch2sk1fk1fl1.tiff	jpegxl-d1-e5/prod_30/images/plate_41002949/r07c22f08p01-ch2sk1fk1fl1.jxl
s3://cellpainting-gallery/cpg0037-oasis/axiom/images/prod_30/images/plate_41002949/r08c05f07p01-ch1sk1fk1fl1.tiff	jpegxl-d1-e5/prod_30/images/plate_41002949/r08c05f07p01-ch1sk1fk1fl1.jxl
s3://cellpainting-gallery/cpg0037-oasis/axiom/images/prod_30/images/plate_41002949/r10c24f13p01-ch6sk1fk1fl1.tiff	jpegxl-d1-e5/prod_30/images/plate_41002949/r10c24f13p01-ch6sk1fk1fl1.jxl
s3://cellpainting-gallery/cpg0037-oasis/axiom/images/prod_30/images/plate_41002949/r14c17f03p01-ch2sk1fk1fl1.tiff	jpegxl-d1-e5/prod_30/images/plate_41002949/r14c17f03p01-ch2sk1fk1fl1.jxl
s3://cellpainting-gallery/cpg0037-oasis/axiom/images/prod_30/images/plate_41002949/r15c12f08p01-ch4sk1fk1fl1.tiff	jpegxl-d1-e5/prod_30/images/plate_41002949/r15c12f08p01-ch4sk1fk1fl1.jxl
s3://cellpainting-gallery/cpg0037-oasis/axiom/images/prod_30/images/plate_41002949/r16c09f02p01-ch2sk1fk1fl1.tiff	jpegxl-d1-e5/prod_30/images/plate_41002949/r16c09f02p01-ch2sk1fk1fl1.jxl
s3://cellpainting-gallery/cpg0037-oasis/axiom/images/prod_30/images/plate_41002949/r16c24f09p01-ch5sk1fk1fl1.tiff	jpegxl-d1-e5/prod_30/images/plate_41002949/r16c24f09p01-ch5sk1fk1fl1.jxl
s3://cellpainting-gallery/cpg0037-oasis/axiom/images/prod_30/images/plate_41002950/r04c08f10p01-ch3sk1fk1fl1.tiff	jpegxl-d1-e5/prod_30/images/plate_41002950/r04c08f10p01-ch3sk1fk1fl1.jxl
s3://cellpainting-gallery/cpg0037-oasis/axiom/images/prod_30/images/plate_41002950/r06c11f10p01-ch1sk1fk1fl1.tiff	jpegxl-d1-e5/prod_30/images/plate_41002950/r06c11f10p01-ch1sk1fk1fl1.jxl
s3://cellpainting-gallery/cpg0037-oasis/axiom/images/prod_30/images/plate_41002950/r07c07f15p01-ch5sk1fk1fl1.tiff	jpegxl-d1-e5/prod_30/images/plate_41002950/r07c07f15p01-ch5sk1fk1fl1.jxl
s3://cellpainting-gallery/cpg0037-oasis/axiom/images/prod_30/images/plate_41002950/r07c22f11p01-ch3sk1fk1fl1.tiff	jpegxl-d1-e5/prod_30/images/plate_41002950/r07c22f11p01-ch3sk1fk1fl1.jxl
s3://cellpainting-gallery/cpg0037-oasis/axiom/images/prod_30/images/plate_41002950/r08c04f03p01-ch4sk1fk1fl1.tiff	jpegxl-d1-e5/prod_30/images/plate_41002950/r08c04f03p01-ch4sk1fk1fl1.jxl
s3://cellpainting-gallery/cpg0037-oasis/axiom/images/prod_30/images/plate_41002950/r08c15f12p01-ch4sk1fk1fl1.tiff	jpegxl-d1-e5/prod_30/images/plate_41002950/r08c15f12p01-ch4sk1fk1fl1.jxl
s3://cellpainting-gallery/cpg0037-oasis/axiom/images/prod_30/images/plate_41002950/r09c22f09p01-ch4sk1fk1fl1.tiff	jpegxl-d1-e5/prod_30/images/plate_41002950/r09c22f09p01-ch4sk1fk1fl1.jxl
s3://cellpainting-gallery/cpg0037-oasis/axiom/images/prod_30/images/plate_41002950/r10c18f05p01-ch2sk1fk1fl1.tiff	jpegxl-d1-e5/prod_30/images/plate_41002950/r10c18f05p01-ch2sk1fk1fl1.jxl
s3://cellpainting-gallery/cpg0037-oasis/axiom/images/prod_30/images/plate_41002950/r12c02f13p01-ch3sk1fk1fl1.tiff	jpegxl-d1-e5/prod_30/images/plate_41002950/r12c02f13p01-ch3sk1fk1fl1.jxl
s3://cellpainting-gallery/cpg0037-oasis/axiom/images/prod_30/images/plate_41002950/r12c07f01p01-ch6sk1fk1fl1.tiff	jpegxl-d1-e5/prod_30/images/plate_41002950/r12c07f01p01-ch6sk1fk1fl1.jxl
s3://cellpainting-gallery/cpg0037-oasis/axiom/images/prod_30/images/plate_41002950/r12c12f08p01-ch6sk1fk1fl1.tiff	jpegxl-d1-e5/prod_30/images/plate_41002950/r12c12f08p01-ch6sk1fk1fl1.jxl
s3://cellpainting-gallery/cpg0037-oasis/axiom/images/prod_30/images/plate_41002951/r03c20f10p01-ch6sk1fk1fl1.tiff	jpegxl-d1-e5/prod_30/images/plate_41002951/r03c20f10p01-ch6sk1fk1fl1.jxl
s3://cellpainting-gallery/cpg0037-oasis/axiom/images/prod_30/images/plate_41002951/r04c04f04p01-ch6sk1fk1fl1.tiff	jpegxl-d1-e5/prod_30/images/plate_41002951/r04c04f04p01-ch6sk1fk1fl1.jxl
s3://cellpainting-gallery/cpg0037-oasis/axiom/images/prod_30/images/plate_41002951/r05c08f07p01-ch4sk1fk1fl1.tiff	jpegxl-d1-e5/prod_30/images/plate_41002951/r05c08f07p01-ch4sk1fk1fl1.jxl
s3://cellpainting-gallery/cpg0037-oasis/axiom/images/prod_30/images/plate_41002951/r06c03f08p01-ch3sk1fk1fl1.tiff	jpegxl-d1-e5/prod_30/images/plate_41002951/r06c03f08p01-ch3sk1fk1fl1.jxl
s3://cellpainting-gallery/cpg0037-oasis/axiom/images/prod_30/images/plate_41002951/r06c05f15p01-ch2sk1fk1fl1.tiff	jpegxl-d1-e5/prod_30/images/plate_41002951/r06c05f15p01-ch2sk1fk1fl1.jxl
s3://cellpainting-gallery/cpg0037-oasis/axiom/images/prod_30/images/plate_41002951/r08c04f14p01-ch4sk1fk1fl1.tiff	jpegxl-d1-e5/prod_30/images/plate_41002951/r08c04f14p01-ch4sk1fk1fl1.jxl
s3://cellpainting-gallery/cpg0037-oasis/axiom/images/prod_30/images/plate_41002952/r01c09f07p01-ch4sk1fk1fl1.tiff	jpegxl-d1-e5/prod_30/images/plate_41002952/r01c09f07p01-ch4sk1fk1fl1.jxl
s3://cellpainting-gallery/cpg0037-oasis/axiom/images/prod_30/images/plate_41002952/r01c13f08p01-ch3sk1fk1fl1.tiff	jpegxl-d1-e5/prod_30/images/plate_41002952/r01c13f08p01-ch3sk1fk1fl1.jxl
s3://cellpainting-gallery/cpg0037-oasis/axiom/images/prod_30/images/plate_41002952/r01c20f09p01-ch2sk1fk1fl1.tiff	jpegxl-d1-e5/prod_30/images/plate_41002952/r01c20f09p01-ch2sk1fk1fl1.jxl
s3://cellpainting-gallery/cpg0037-oasis/axiom/images/prod_30/images/plate_41002952/r02c13f03p01-ch1sk1fk1fl1.tiff	jpegxl-d1-e5/prod_30/images/plate_41002952/r02c13f03p01-ch1sk1fk1fl1.jxl
s3://cellpainting-gallery/cpg0037-oasis/axiom/images/prod_30/images/plate_41002952/r02c23f08p01-ch2sk1fk1fl1.tiff	jpegxl-d1-e5/prod_30/images/plate_41002952/r02c23f08p01-ch2sk1fk1fl1.jxl
s3://cellpainting-gallery/cpg0037-oasis/axiom/images/prod_30/images/plate_41002952/r03c07f07p01-ch5sk1fk1fl1.tiff	jpegxl-d1-e5/prod_30/images/plate_41002952/r03c07f07p01-ch5sk1fk1fl1.jxl
s3://cellpainting-gallery/cpg0037-oasis/axiom/images/prod_30/images/plate_41002952/r03c17f05p01-ch3sk1fk1fl1.tiff	jpegxl-d1-e5/prod_30/images/plate_41002952/r03c17f05p01-ch3sk1fk1fl1.jxl
s3://cellpainting-gallery/cpg0037-oasis/axiom/images/prod_30/images/plate_41002952/r07c23f10p01-ch3sk1fk1fl1.tiff	jpegxl-d1-e5/prod_30/images/plate_41002952/r07c23f10p01-ch3sk1fk1fl1.jxl
s3://cellpainting-gallery/cpg0037-oasis/axiom/images/prod_30/images/plate_41002952/r08c19f13p01-ch6sk1fk1fl1.tiff	jpegxl-d1-e5/prod_30/images/plate_41002952/r08c19f13p01-ch6sk1fk1fl1.jxl
s3://cellpainting-gallery/cpg0037-oasis/axiom/images/prod_30/images/plate_41002952/r08c22f09p01-ch3sk1fk1fl1.tiff	jpegxl-d1-e5/prod_30/images/plate_41002952/r08c22f09p01-ch3sk1fk1fl1.jxl
s3://cellpainting-gallery/cpg0037-oasis/axiom/images/prod_30/images/plate_41002952/r16c02f03p01-ch3sk1fk1fl1.tiff	jpegxl-d1-e5/prod_30/images/plate_41002952/r16c02f03p01-ch3sk1fk1fl1.jxl
s3://cellpainting-gallery/cpg0037-oasis/axiom/images/prod_30/images/plate_41002952/r16c23f12p01-ch1sk1fk1fl1.tiff	jpegxl-d1-e5/prod_30/images/plate_41002952/r16c23f12p01-ch1sk1fk1fl1.jxl
s3://cellpainting-gallery/cpg0037-oasis/axiom/images/prod_30/images/plate_41002953/r01c06f13p01-ch6sk1fk1fl1.tiff	jpegxl-d1-e5/prod_30/images/plate_41002953/r01c06f13p01-ch6sk1fk1fl1.jxl
s3://cellpainting-gallery/cpg0037-oasis/axiom/images/prod_30/images/plate_41002953/r03c06f01p01-ch1sk1fk1fl1.tiff	jpegxl-d1-e5/prod_30/images/plate_41002953/r03c06f01p01-ch1sk1fk1fl1.jxl
s3://cellpainting-gallery/cpg0037-oasis/axiom/images/prod_30/images/plate_41002953/r05c20f11p01-ch1sk1fk1fl1.tiff	jpegxl-d1-e5/prod_30/images/plate_41002953/r05c20f11p01-ch1sk1fk1fl1.jxl
s3://cellpainting-gallery/cpg0037-oasis/axiom/images/prod_30/images/plate_41002953/r06c12f12p01-ch6sk1fk1fl1.tiff	jpegxl-d1-e5/prod_30/images/plate_41002953/r06c12f12p01-ch6sk1fk1fl1.jxl
s3://cellpainting-gallery/cpg0037-oasis/axiom/images/prod_30/images/plate_41002953/r08c09f12p01-ch6sk1fk1fl1.tiff	jpegxl-d1-e5/prod_30/images/plate_41002953/r08c09f12p01-ch6sk1fk1fl1.jxl
s3://cellpainting-gallery/cpg0037-oasis/axiom/images/prod_30/images/plate_41002953/r08c14f12p01-ch2sk1fk1fl1.tiff	jpegxl-d1-e5/prod_30/images/plate_41002953/r08c14f12p01-ch2sk1fk1fl1.jxl
s3://cellpainting-gallery/cpg0037-oasis/axiom/images/prod_30/images/plate_41002953/r08c23f08p01-ch1sk1fk1fl1.tiff	jpegxl-d1-e5/prod_30/images/plate_41002953/r08c23f08p01-ch1sk1fk1fl1.jxl
s3://cellpainting-gallery/cpg0037-oasis/axiom/images/prod_30/images/plate_41002953/r10c08f03p01-ch5sk1fk1fl1.tiff	jpegxl-d1-e5/prod_30/images/plate_41002953/r10c08f03p01-ch5sk1fk1fl1.jxl
s3://cellpainting-gallery/cpg0037-oasis/axiom/images/prod_30/images/plate_41002954/r03c03f11p01-ch2sk1fk1fl1.tiff	jpegxl-d1-e5/prod_30/images/plate_41002954/r03c03f11p01-ch2sk1fk1fl1.jxl
s3://cellpainting-gallery/cpg0037-oasis/axiom/images/prod_30/images/plate_41002954/r03c05f14p01-ch2sk1fk1fl1.tiff	jpegxl-d1-e5/prod_30/images/plate_41002954/r03c05f14p01-ch2sk1fk1fl1.jxl
s3://cellpainting-gallery/cpg0037-oasis/axiom/images/prod_30/images/plate_41002954/r04c15f04p01-ch6sk1fk1fl1.tiff	jpegxl-d1-e5/prod_30/images/plate_41002954/r04c15f04p01-ch6sk1fk1fl1.jxl
s3://cellpainting-gallery/cpg0037-oasis/axiom/images/prod_30/images/plate_41002954/r05c16f02p01-ch2sk1fk1fl1.tiff	jpegxl-d1-e5/prod_30/images/plate_41002954/r05c16f02p01-ch2sk1fk1fl1.jxl
s3://cellpainting-gallery/cpg0037-oasis/axiom/images/prod_30/images/plate_41002954/r06c12f04p01-ch4sk1fk1fl1.tiff	jpegxl-d1-e5/prod_30/images/plate_41002954/r06c12f04p01-ch4sk1fk1fl1.jxl
s3://cellpainting-gallery/cpg0037-oasis/axiom/images/prod_30/images/plate_41002954/r06c15f11p01-ch2sk1fk1fl1.tiff	jpegxl-d1-e5/prod_30/images/plate_41002954/r06c15f11p01-ch2sk1fk1fl1.jxl
s3://cellpainting-gallery/cpg0037-oasis/axiom/images/prod_30/images/plate_41002954/r09c04f01p01-ch6sk1fk1fl1.tiff	jpegxl-d1-e5/prod_30/images/plate_41002954/r09c04f01p01-ch6sk1fk1fl1.jxl
s3://cellpainting-gallery/cpg0037-oasis/axiom/images/prod_30/images/plate_41002954/r09c11f11p01-ch6sk1fk1fl1.tiff	jpegxl-d1-e5/prod_30/images/plate_41002954/r09c11f11p01-ch6sk1fk1fl1.jxl
s3://cellpainting-gallery/cpg0037-oasis/axiom/images/prod_30/images/plate_41002954/r11c15f09p01-ch2sk1fk1fl1.tiff	jpegxl-d1-e5/prod_30/images/plate_41002954/r11c15f09p01-ch2sk1fk1fl1.jxl
s3://cellpainting-gallery/cpg0037-oasis/axiom/images/prod_30/images/plate_41002954/r12c10f11p01-ch1sk1fk1fl1.tiff	jpegxl-d1-e5/prod_30/images/plate_41002954/r12c10f11p01-ch1sk1fk1fl1.jxl
s3://cellpainting-gallery/cpg0037-oasis/axiom/images/prod_30/images/plate_41002954/r13c06f08p01-ch5sk1fk1fl1.tiff	jpegxl-d1-e5/prod_30/images/plate_41002954/r13c06f08p01-ch5sk1fk1fl1.jxl
s3://cellpainting-gallery/cpg0037-oasis/axiom/images/prod_30/images/plate_41002954/r14c03f13p01-ch2sk1fk1fl1.tiff	jpegxl-d1-e5/prod_30/images/plate_41002954/r14c03f13p01-ch2sk1fk1fl1.jxl
s3://cellpainting-gallery/cpg0037-oasis/axiom/images/prod_30/images/plate_41002954/r14c05f13p01-ch3sk1fk1fl1.tiff	jpegxl-d1-e5/prod_30/images/plate_41002954/r14c05f13p01-ch3sk1fk1fl1.jxl
s3://cellpainting-gallery/cpg0037-oasis/axiom/images/prod_30/images/plate_41002954/r16c09f11p01-ch1sk1fk1fl1.tiff	jpegxl-d1-e5/prod_30/images/plate_41002954/r16c09f11p01-ch1sk1fk1fl1.jxl
s3://cellpainting-gallery/cpg0037-oasis/axiom/images/prod_30/images/plate_41002955/r05c02f12p01-ch5sk1fk1fl1.tiff	jpegxl-d1-e5/prod_30/images/plate_41002955/r05c02f12p01-ch5sk1fk1fl1.jxl
s3://cellpainting-gallery/cpg0037-oasis/axiom/images/prod_30/images/plate_41002955/r06c20f15p01-ch6sk1fk1fl1.tiff	jpegxl-d1-e5/prod_30/images/plate_41002955/r06c20f15p01-ch6sk1fk1fl1.jxl
s3://cellpainting-gallery/cpg0037-oasis/axiom/images/prod_30/images/plate_41002955/r08c01f05p01-ch5sk1fk1fl1.tiff	jpegxl-d1-e5/prod_30/images/plate_41002955/r08c01f05p01-ch5sk1fk1fl1.jxl
s3://cellpainting-gallery/cpg0037-oasis/axiom/images/prod_30/images/plate_41002955/r08c04f01p01-ch3sk1fk1fl1.tiff	jpegxl-d1-e5/prod_30/images/plate_41002955/r08c04f01p01-ch3sk1fk1fl1.jxl
s3://cellpainting-gallery/cpg0037-oasis/axiom/images/prod_30/images/plate_41002955/r08c05f11p01-ch5sk1fk1fl1.tiff	jpegxl-d1-e5/prod_30/images/plate_41002955/r08c05f11p01-ch5sk1fk1fl1.jxl
s3://cellpainting-gallery/cpg0037-oasis/axiom/images/prod_30/images/plate_41002955/r08c05f13p01-ch4sk1fk1fl1.tiff	jpegxl-d1-e5/prod_30/images/plate_41002955/r08c05f13p01-ch4sk1fk1fl1.jxl
s3://cellpainting-gallery/cpg0037-oasis/axiom/images/prod_30/images/plate_41002955/r08c08f13p01-ch4sk1fk1fl1.tiff	jpegxl-d1-e5/prod_30/images/plate_41002955/r08c08f13p01-ch4sk1fk1fl1.jxl
s3://cellpainting-gallery/cpg0037-oasis/axiom/images/prod_30/images/plate_41002955/r11c20f09p01-ch6sk1fk1fl1.tiff	jpegxl-d1-e5/prod_30/images/plate_41002955/r11c20f09p01-ch6sk1fk1fl1.jxl
s3://cellpainting-gallery/cpg0037-oasis/axiom/images/prod_30/images/plate_41002955/r13c18f13p01-ch3sk1fk1fl1.tiff	jpegxl-d1-e5/prod_30/images/plate_41002955/r13c18f13p01-ch3sk1fk1fl1.jxl
s3://cellpainting-gallery/cpg0037-oasis/axiom/images/prod_30/images/plate_41002955/r14c14f08p01-ch3sk1fk1fl1.tiff	jpegxl-d1-e5/prod_30/images/plate_41002955/r14c14f08p01-ch3sk1fk1fl1.jxl
s3://cellpainting-gallery/cpg0037-oasis/axiom/images/prod_30/images/plate_41002955/r14c16f13p01-ch5sk1fk1fl1.tiff	jpegxl-d1-e5/prod_30/images/plate_41002955/r14c16f13p01-ch5sk1fk1fl1.jxl
s3://cellpainting-gallery/cpg0037-oasis/axiom/images/prod_30/images/plate_41002955/r15c13f13p01-ch6sk1fk1fl1.tiff	jpegxl-d1-e5/prod_30/images/plate_41002955/r15c13f13p01-ch6sk1fk1fl1.jxl
s3://cellpainting-gallery/cpg0037-oasis/axiom/images/prod_30/images/plate_41002956/r01c12f06p01-ch4sk1fk1fl1.tiff	jpegxl-d1-e5/prod_30/images/plate_41002956/r01c12f06p01-ch4sk1fk1fl1.jxl
s3://cellpainting-gallery/cpg0037-oasis/axiom/images/prod_30/images/plate_41002956/r04c20f14p01-ch1sk1fk1fl1.tiff	jpegxl-d1-e5/prod_30/images/plate_41002956/r04c20f14p01-ch1sk1fk1fl1.jxl
s3://cellpainting-gallery/cpg0037-oasis/axiom/images/prod_30/images/plate_41002956/r07c12f04p01-ch2sk1fk1fl1.tiff	jpegxl-d1-e5/prod_30/images/plate_41002956/r07c12f04p01-ch2sk1fk1fl1.jxl
s3://cellpainting-gallery/cpg0037-oasis/axiom/images/prod_30/images/plate_41002956/r07c12f10p01-ch6sk1fk1fl1.tiff	jpegxl-d1-e5/prod_30/images/plate_41002956/r07c12f10p01-ch6sk1fk1fl1.jxl
s3://cellpainting-gallery/cpg0037-oasis/axiom/images/prod_30/images/plate_41002956/r08c06f01p01-ch5sk1fk1fl1.tiff	jpegxl-d1-e5/prod_30/images/plate_41002956/r08c06f01p01-ch5sk1fk1fl1.jxl
s3://cellpainting-gallery/cpg0037-oasis/axiom/images/prod_30/images/plate_41002956/r08c10f08p01-ch5sk1fk1fl1.tiff	jpegxl-d1-e5/prod_30/images/plate_41002956/r08c10f08p01-ch5sk1fk1fl1.jxl
s3://cellpainting-gallery/cpg0037-oasis/axiom/images/prod_30/images/plate_41002956/r08c24f15p01-ch4sk1fk1fl1.tiff	jpegxl-d1-e5/prod_30/images/plate_41002956/r08c24f15p01-ch4sk1fk1fl1.jxl
s3://cellpainting-gallery/cpg0037-oasis/axiom/images/prod_30/images/plate_41002956/r09c12f09p01-ch3sk1fk1fl1.tiff	jpegxl-d1-e5/prod_30/images/plate_41002956/r09c12f09p01-ch3sk1fk1fl1.jxl
s3://cellpainting-gallery/cpg0037-oasis/axiom/images/prod_30/images/plate_41002956/r10c07f15p01-ch3sk1fk1fl1.tiff	jpegxl-d1-e5/prod_30/images/plate_41002956/r10c07f15p01-ch3sk1fk1fl1.jxl
s3://cellpainting-gallery/cpg0037-oasis/axiom/images/prod_30/images/plate_41002957/r01c04f10p01-ch4sk1fk1fl1.tiff	jpegxl-d1-e5/prod_30/images/plate_41002957/r01c04f10p01-ch4sk1fk1fl1.jxl
s3://cellpainting-gallery/cpg0037-oasis/axiom/images/prod_30/images/plate_41002957/r02c13f11p01-ch6sk1fk1fl1.tiff	jpegxl-d1-e5/prod_30/images/plate_41002957/r02c13f11p01-ch6sk1fk1fl1.jxl
s3://cellpainting-gallery/cpg0037-oasis/axiom/images/prod_30/images/plate_41002957/r05c18f02p01-ch1sk1fk1fl1.tiff	jpegxl-d1-e5/prod_30/images/plate_41002957/r05c18f02p01-ch1sk1fk1fl1.jxl
s3://cellpainting-gallery/cpg0037-oasis/axiom/images/prod_30/images/plate_41002957/r07c04f07p01-ch1sk1fk1fl1.tiff	jpegxl-d1-e5/prod_30/images/plate_41002957/r07c04f07p01-ch1sk1fk1fl1.jxl
s3://cellpainting-gallery/cpg0037-oasis/axiom/images/prod_30/images/plate_41002957/r07c09f08p01-ch4sk1fk1fl1.tiff	jpegxl-d1-e5/prod_30/images/plate_41002957/r07c09f08p01-ch4sk1fk1fl1.jxl
s3://cellpainting-gallery/cpg0037-oasis/axiom/images/prod_30/images/plate_41002957/r08c04f15p01-ch5sk1fk1fl1.tiff	jpegxl-d1-e5/prod_30/images/plate_41002957/r08c04f15p01-ch5sk1fk1fl1.jxl
s3://cellpainting-gallery/cpg0037-oasis/axiom/images/prod_30/images/plate_41002957/r09c09f09p01-ch5sk1fk1fl1.tiff	jpegxl-d1-e5/prod_30/images/plate_41002957/r09c09f09p01-ch5sk1fk1fl1.jxl
s3://cellpainting-gallery/cpg0037-oasis/axiom/images/prod_30/images/plate_41002957/r13c11f06p01-ch1sk1fk1fl1.tiff	jpegxl-d1-e5/prod_30/images/plate_41002957/r13c11f06p01-ch1sk1fk1fl1.jxl
s3://cellpainting-gallery/cpg0037-oasis/axiom/images/prod_30/images/plate_41002958/r02c04f06p01-ch3sk1fk1fl1.tiff	jpegxl-d1-e5/prod_30/images/plate_41002958/r02c04f06p01-ch3sk1fk1fl1.jxl
s3://cellpainting-gallery/cpg0037-oasis/axiom/images/prod_30/images/plate_41002958/r09c14f05p01-ch1sk1fk1fl1.tiff	jpegxl-d1-e5/prod_30/images/plate_41002958/r09c14f05p01-ch1sk1fk1fl1.jxl
s3://cellpainting-gallery/cpg0037-oasis/axiom/images/prod_30/images/plate_41002958/r16c19f03p01-ch1sk1fk1fl1.tiff	jpegxl-d1-e5/prod_30/images/plate_41002958/r16c19f03p01-ch1sk1fk1fl1.jxl
s3://cellpainting-gallery/cpg0037-oasis/axiom/images/prod_30/images/plate_41002958/r16c19f15p01-ch3sk1fk1fl1.tiff	jpegxl-d1-e5/prod_30/images/plate_41002958/r16c19f15p01-ch3sk1fk1fl1.jxl
s3://cellpainting-gallery/cpg0037-oasis/axiom/images/prod_30/images/plate_41002959/r08c20f15p01-ch6sk1fk1fl1.tiff	jpegxl-d1-e5/prod_30/images/plate_41002959/r08c20f15p01-ch6sk1fk1fl1.jxl
s3://cellpainting-gallery/cpg0037-oasis/axiom/images/prod_30/images/plate_41002959/r08c21f11p01-ch3sk1fk1fl1.tiff	jpegxl-d1-e5/prod_30/images/plate_41002959/r08c21f11p01-ch3sk1fk1fl1.jxl
s3://cellpainting-gallery/cpg0037-oasis/axiom/images/prod_30/images/plate_41002959/r09c24f11p01-ch4sk1fk1fl1.tiff	jpegxl-d1-e5/prod_30/images/plate_41002959/r09c24f11p01-ch4sk1fk1fl1.jxl
s3://cellpainting-gallery/cpg0037-oasis/axiom/images/prod_30/images/plate_41002959/r10c21f07p01-ch1sk1fk1fl1.tiff	jpegxl-d1-e5/prod_30/images/plate_41002959/r10c21f07p01-ch1sk1fk1fl1.jxl
s3://cellpainting-gallery/cpg0037-oasis/axiom/images/prod_30/images/plate_41002959/r11c22f11p01-ch6sk1fk1fl1.tiff	jpegxl-d1-e5/prod_30/images/plate_41002959/r11c22f11p01-ch6sk1fk1fl1.jxl
s3://cellpainting-gallery/cpg0037-oasis/axiom/images/prod_30/images/plate_41002959/r13c05f03p01-ch1sk1fk1fl1.tiff	jpegxl-d1-e5/prod_30/images/plate_41002959/r13c05f03p01-ch1sk1fk1fl1.jxl
s3://cellpainting-gallery/cpg0037-oasis/axiom/images/prod_30/images/plate_41002959/r14c18f15p01-ch6sk1fk1fl1.tiff	jpegxl-d1-e5/prod_30/images/plate_41002959/r14c18f15p01-ch6sk1fk1fl1.jxl
s3://cellpainting-gallery/cpg0037-oasis/axiom/images/prod_30/images/plate_41002960/r01c22f10p01-ch6sk1fk1fl1.tiff	jpegxl-d1-e5/prod_30/images/plate_41002960/r01c22f10p01-ch6sk1fk1fl1.jxl
s3://cellpainting-gallery/cpg0037-oasis/axiom/images/prod_30/images/plate_41002960/r03c23f04p01-ch1sk1fk1fl1.tiff	jpegxl-d1-e5/prod_30/images/plate_41002960/r03c23f04p01-ch1sk1fk1fl1.jxl
s3://cellpainting-gallery/cpg0037-oasis/axiom/images/prod_30/images/plate_41002960/r07c03f03p01-ch4sk1fk1fl1.tiff	jpegxl-d1-e5/prod_30/images/plate_41002960/r07c03f03p01-ch4sk1fk1fl1.jxl
s3://cellpainting-gallery/cpg0037-oasis/axiom/images/prod_30/images/plate_41002960/r07c17f08p01-ch1sk1fk1fl1.tiff	jpegxl-d1-e5/prod_30/images/plate_41002960/r07c17f08p01-ch1sk1fk1fl1.jxl
s3://cellpainting-gallery/cpg0037-oasis/axiom/images/prod_30/images/plate_41002960/r08c06f06p01-ch4sk1fk1fl1.tiff	jpegxl-d1-e5/prod_30/images/plate_41002960/r08c06f06p01-ch4sk1fk1fl1.jxl
s3://cellpainting-gallery/cpg0037-oasis/axiom/images/prod_30/images/plate_41002960/r10c22f05p01-ch3sk1fk1fl1.tiff	jpegxl-d1-e5/prod_30/images/plate_41002960/r10c22f05p01-ch3sk1fk1fl1.jxl
s3://cellpainting-gallery/cpg0037-oasis/axiom/images/prod_30/images/plate_41002960/r13c24f06p01-ch2sk1fk1fl1.tiff	jpegxl-d1-e5/prod_30/images/plate_41002960/r13c24f06p01-ch2sk1fk1fl1.jxl
